Rank,Player,SACK,INT,FR,FF,DEF TD,SFTY,SPC TD,G,FPTS,FPTS/G,ROST,year,position
1,Tampa Bay Buccaneers (TB),43,31,7,15,5,2,1,16,219.0,13.7,11.6%,2002,dst
2,Philadelphia Eagles (PHI),56,15,22,26,3,0,1,16,191.0,11.9,87.3%,2002,dst
3,Green Bay Packers (GB),43,24,21,22,4,0,0,16,176.0,11.0,55.7%,2002,dst
4,Atlanta Falcons (ATL),47,24,15,19,2,0,1,16,166.0,10.4,4.4%,2002,dst
5,Carolina Panthers (CAR),52,17,16,20,2,1,2,16,159.0,9.9,6.8%,2002,dst
6,Pittsburgh Steelers (PIT),50,19,17,11,1,0,1,16,150.0,9.4,62.8%,2002,dst
7,Miami Dolphins (MIA),47,21,9,13,2,0,0,16,149.0,9.3,88.4%,2002,dst
8,Las Vegas Raiders (LV),43,21,10,11,3,0,3,16,147.0,9.2,1.9%,2002,dst
9,Tennessee Titans (TEN),40,18,11,10,4,0,0,16,144.0,9.0,3.8%,2002,dst
10,New Orleans Saints (NO),39,20,18,20,3,0,3,16,141.0,8.8,62.6%,2002,dst
11,Baltimore Ravens (BAL),33,25,6,12,3,0,3,16,138.0,8.6,77.5%,2002,dst
12,Los Angeles Chargers (LAC),39,17,10,13,4,1,0,16,133.0,8.3,4.6%,2002,dst
13,New England Patriots (NE),34,18,11,15,4,0,2,16,129.0,8.1,82.9%,2002,dst
14,New York Giants (NYG),37,11,14,13,2,0,0,16,125.0,7.8,3.3%,2002,dst
15,Indianapolis Colts (IND),36,10,17,24,1,0,0,16,123.0,7.7,9.3%,2002,dst
16,Dallas Cowboys (DAL),24,19,10,14,3,0,2,16,122.0,7.6,96.5%,2002,dst
17,Houston Texans (HOU),35,10,11,9,3,3,1,16,121.0,7.6,2.2%,2002,dst
18,Denver Broncos (DEN),40,9,13,10,3,1,0,16,120.0,7.5,44.6%,2002,dst
19,Washington Commanders (WAS),40,14,12,17,2,1,1,16,119.0,7.4,45.0%,2002,dst
20,Los Angeles Rams (LAR),38,12,14,23,1,0,1,16,118.0,7.4,4.2%,2002,dst
21,Jacksonville Jaguars (JAC),36,14,13,14,0,2,1,16,112.0,7.0,24.3%,2002,dst
22,Seattle Seahawks (SEA),28,19,11,13,3,0,2,16,108.0,6.8,18.7%,2002,dst
23,Chicago Bears (CHI),35,9,19,20,1,0,0,16,106.0,6.6,3.4%,2002,dst
24,Cleveland Browns (CLE),28,17,12,16,0,0,3,16,105.0,6.6,9.5%,2002,dst
25,San Francisco 49ers (SF),32,19,8,14,1,0,1,16,104.0,6.5,99.3%,2002,dst
26,Kansas City Chiefs (KC),34,18,13,12,1,0,3,16,103.0,6.4,44.9%,2002,dst
27,Detroit Lions (DET),33,10,14,18,3,0,3,16,103.0,6.4,4.6%,2002,dst
28,New York Jets (NYJ),30,15,8,8,0,0,4,16,97.0,6.1,85.8%,2002,dst
29,Cincinnati Bengals (CIN),24,9,11,12,3,0,1,16,83.0,5.2,45.0%,2002,dst
30,Arizona Cardinals (ARI),21,17,8,7,2,0,1,16,83.0,5.2,1.8%,2002,dst
31,Buffalo Bills (BUF),31,10,9,10,2,0,1,16,82.0,5.1,97.9%,2002,dst
32,Minnesota Vikings (MIN),27,16,7,5,1,1,0,16,76.0,4.8,5.0%,2002,dst
1,New England Patriots (NE),41,29,12,18,6,1,1,16,221.0,13.8,82.9%,2003,dst
2,Baltimore Ravens (BAL),47,24,17,21,5,0,2,16,212.0,13.3,77.5%,2003,dst
3,Los Angeles Rams (LAR),42,24,22,22,5,1,0,16,190.0,11.9,4.2%,2003,dst
4,Miami Dolphins (MIA),44,22,14,15,4,1,0,16,180.0,11.3,88.4%,2003,dst
5,Tampa Bay Buccaneers (TB),36,20,13,21,4,1,0,16,179.0,11.2,11.6%,2003,dst
6,Tennessee Titans (TEN),38,21,13,13,6,1,1,16,164.0,10.3,3.8%,2003,dst
7,Minnesota Vikings (MIN),37,28,7,16,4,2,0,16,153.0,9.6,5.0%,2003,dst
8,Dallas Cowboys (DAL),32,13,12,17,2,2,1,16,149.0,9.3,96.5%,2003,dst
9,Green Bay Packers (GB),34,21,11,16,3,0,0,16,148.0,9.3,55.7%,2003,dst
10,Kansas City Chiefs (KC),36,25,12,11,3,0,4,16,148.0,9.3,44.9%,2003,dst
11,Carolina Panthers (CAR),40,16,10,12,3,1,2,16,143.0,8.9,6.8%,2003,dst
12,San Francisco 49ers (SF),42,23,13,10,2,1,1,16,132.0,8.3,99.3%,2003,dst
13,Seattle Seahawks (SEA),40,16,12,11,3,1,1,16,132.0,8.3,18.7%,2003,dst
14,Buffalo Bills (BUF),38,10,8,14,3,3,0,16,130.0,8.1,97.9%,2003,dst
15,New Orleans Saints (NO),32,14,13,13,2,1,1,16,128.0,8.0,62.6%,2003,dst
16,Philadelphia Eagles (PHI),38,13,13,16,1,1,2,16,125.0,7.8,87.3%,2003,dst
17,Indianapolis Colts (IND),31,15,15,18,3,0,0,16,125.0,7.8,9.3%,2003,dst
18,New York Giants (NYG),45,10,12,19,4,0,0,16,122.0,7.6,3.3%,2003,dst
19,Pittsburgh Steelers (PIT),35,14,11,11,2,0,2,16,121.0,7.6,62.8%,2003,dst
20,Cleveland Browns (CLE),35,15,7,14,1,0,1,16,120.0,7.5,9.5%,2003,dst
21,Detroit Lions (DET),28,15,13,16,4,0,3,16,118.0,7.4,4.6%,2003,dst
22,Denver Broncos (DEN),36,9,11,16,1,1,2,16,112.0,7.0,44.6%,2003,dst
23,Atlanta Falcons (ATL),36,15,16,21,3,0,1,16,110.0,6.9,4.4%,2003,dst
24,Jacksonville Jaguars (JAC),24,15,12,15,1,0,0,16,103.0,6.4,24.3%,2003,dst
25,New York Jets (NYJ),35,11,9,11,0,1,1,16,100.0,6.3,85.8%,2003,dst
26,Washington Commanders (WAS),27,17,13,15,0,1,1,16,97.0,6.1,45.0%,2003,dst
27,Las Vegas Raiders (LV),25,14,11,11,2,1,3,16,96.0,6.0,1.9%,2003,dst
28,Cincinnati Bengals (CIN),30,14,10,15,1,0,1,16,86.0,5.4,45.0%,2003,dst
29,Houston Texans (HOU),19,14,8,9,1,0,0,16,82.0,5.1,2.2%,2003,dst
30,Chicago Bears (CHI),18,15,5,7,1,0,3,16,80.0,5.0,3.4%,2003,dst
31,Los Angeles Chargers (LAC),30,13,7,14,1,0,0,16,66.0,4.1,4.6%,2003,dst
32,Arizona Cardinals (ARI),21,13,10,14,1,0,1,16,66.0,4.1,1.8%,2003,dst
1,Buffalo Bills (BUF),45,24,15,20,4,1,5,16,184.0,11.5,97.9%,2004,dst
2,Baltimore Ravens (BAL),39,21,13,16,7,0,2,16,180.0,11.3,77.5%,2004,dst
3,New England Patriots (NE),45,20,16,20,4,0,1,16,177.0,11.1,82.9%,2004,dst
4,Pittsburgh Steelers (PIT),41,19,13,16,5,1,0,16,176.0,11.0,62.8%,2004,dst
5,Atlanta Falcons (ATL),48,19,13,19,5,0,1,16,162.0,10.1,4.4%,2004,dst
6,Cincinnati Bengals (CIN),37,20,16,17,5,0,0,16,160.0,10.0,45.0%,2004,dst
7,Philadelphia Eagles (PHI),47,17,11,17,2,0,0,16,153.0,9.6,87.3%,2004,dst
8,Indianapolis Colts (IND),45,19,17,25,3,0,2,16,152.0,9.5,9.3%,2004,dst
9,Chicago Bears (CHI),35,17,12,17,6,3,1,16,151.0,9.4,3.4%,2004,dst
10,Tampa Bay Buccaneers (TB),45,16,11,14,3,0,1,16,149.0,9.3,11.6%,2004,dst
11,New York Jets (NYJ),37,19,14,15,3,0,1,16,148.0,9.3,85.8%,2004,dst
12,Carolina Panthers (CAR),34,26,12,19,3,0,0,16,145.0,9.1,6.8%,2004,dst
13,Washington Commanders (WAS),40,18,8,12,1,0,1,16,142.0,8.9,45.0%,2004,dst
14,Arizona Cardinals (ARI),38,15,15,20,2,1,0,16,139.0,8.7,1.8%,2004,dst
15,Houston Texans (HOU),24,22,8,11,5,0,0,16,137.0,8.6,2.2%,2004,dst
16,Seattle Seahawks (SEA),36,23,12,19,3,0,0,16,134.0,8.4,18.7%,2004,dst
17,Jacksonville Jaguars (JAC),37,16,11,12,0,2,0,16,131.0,8.2,24.3%,2004,dst
18,Los Angeles Chargers (LAC),29,23,10,12,1,1,1,16,124.0,7.8,4.6%,2004,dst
19,New Orleans Saints (NO),37,13,20,23,1,1,2,16,120.0,7.5,62.6%,2004,dst
20,Detroit Lions (DET),38,14,10,16,1,1,5,16,119.0,7.4,4.6%,2004,dst
21,New York Giants (NYG),40,14,14,18,2,0,2,16,118.0,7.4,3.3%,2004,dst
22,Denver Broncos (DEN),38,12,8,15,2,0,0,16,115.0,7.2,44.6%,2004,dst
23,Miami Dolphins (MIA),36,15,10,16,1,1,1,16,114.0,7.1,88.4%,2004,dst
24,Cleveland Browns (CLE),32,15,13,9,1,0,1,16,107.0,6.7,9.5%,2004,dst
25,Green Bay Packers (GB),40,8,7,11,5,0,0,16,106.0,6.6,55.7%,2004,dst
26,Minnesota Vikings (MIN),39,11,11,16,2,0,1,16,99.0,6.2,5.0%,2004,dst
27,Tennessee Titans (TEN),32,18,12,10,2,0,0,16,97.0,6.1,3.8%,2004,dst
28,Los Angeles Rams (LAR),34,6,9,12,3,0,0,16,90.0,5.6,4.2%,2004,dst
29,Kansas City Chiefs (KC),41,13,7,14,2,0,2,16,86.0,5.4,44.9%,2004,dst
30,Dallas Cowboys (DAL),33,13,9,11,0,1,0,16,84.0,5.3,96.5%,2004,dst
31,San Francisco 49ers (SF),29,9,12,15,2,1,1,16,73.0,4.6,99.3%,2004,dst
32,Las Vegas Raiders (LV),25,9,9,10,1,1,0,16,70.0,4.4,1.9%,2004,dst
1,Chicago Bears (CHI),41,24,10,18,4,0,1,16,198.0,12.4,3.4%,2005,dst
2,Carolina Panthers (CAR),45,23,19,16,3,0,0,16,193.0,12.1,6.8%,2005,dst
3,Indianapolis Colts (IND),46,18,13,23,4,0,0,16,173.0,10.8,9.3%,2005,dst
4,Seattle Seahawks (SEA),50,16,11,13,3,0,0,16,160.0,10.0,18.7%,2005,dst
5,Denver Broncos (DEN),28,20,16,18,3,1,0,16,157.0,9.8,44.6%,2005,dst
6,Pittsburgh Steelers (PIT),47,15,15,18,1,1,2,16,153.0,9.6,62.8%,2005,dst
7,New York Giants (NYG),41,17,19,17,2,0,2,16,153.0,9.6,3.3%,2005,dst
8,Tampa Bay Buccaneers (TB),36,17,13,16,3,1,0,16,152.0,9.5,11.6%,2005,dst
9,Jacksonville Jaguars (JAC),47,19,9,15,2,0,1,16,146.0,9.1,24.3%,2005,dst
10,Baltimore Ravens (BAL),42,11,15,16,3,0,0,16,142.0,8.9,77.5%,2005,dst
11,Miami Dolphins (MIA),49,14,17,18,1,3,0,16,141.0,8.8,88.4%,2005,dst
12,Cincinnati Bengals (CIN),28,31,13,15,1,0,0,16,134.0,8.4,45.0%,2005,dst
13,Minnesota Vikings (MIN),34,24,11,8,3,0,2,16,130.0,8.1,5.0%,2005,dst
14,Atlanta Falcons (ATL),37,16,13,14,2,1,0,16,129.0,8.1,4.4%,2005,dst
15,Dallas Cowboys (DAL),37,15,11,15,2,0,0,16,129.0,8.1,96.5%,2005,dst
16,Detroit Lions (DET),31,19,12,19,3,1,0,16,129.0,8.1,4.6%,2005,dst
17,Washington Commanders (WAS),35,16,12,17,2,0,2,16,126.0,7.9,45.0%,2005,dst
18,Kansas City Chiefs (KC),29,16,15,19,2,0,1,16,121.0,7.6,44.9%,2005,dst
19,New York Jets (NYJ),30,21,7,15,3,0,1,16,119.0,7.4,85.8%,2005,dst
20,Buffalo Bills (BUF),38,17,13,12,1,1,1,16,115.0,7.2,97.9%,2005,dst
21,Los Angeles Chargers (LAC),46,10,10,13,2,0,0,16,113.0,7.1,4.6%,2005,dst
22,Tennessee Titans (TEN),41,9,11,11,4,1,1,16,112.0,7.0,3.8%,2005,dst
23,Philadelphia Eagles (PHI),29,17,10,18,2,0,0,16,110.0,6.9,87.3%,2005,dst
24,Arizona Cardinals (ARI),37,15,11,17,3,0,0,16,110.0,6.9,1.8%,2005,dst
25,Green Bay Packers (GB),35,10,11,13,2,0,1,16,109.0,6.8,55.7%,2005,dst
26,Los Angeles Rams (LAR),41,13,14,14,2,1,1,16,109.0,6.8,4.2%,2005,dst
27,Cleveland Browns (CLE),23,15,8,11,0,0,2,16,106.0,6.6,9.5%,2005,dst
28,San Francisco 49ers (SF),28,16,10,8,5,0,1,16,105.0,6.6,99.3%,2005,dst
29,New England Patriots (NE),33,10,8,8,2,0,0,16,97.0,6.1,82.9%,2005,dst
30,Las Vegas Raiders (LV),36,5,14,14,1,0,0,16,93.0,5.8,1.9%,2005,dst
31,New Orleans Saints (NO),25,10,9,9,0,0,0,16,70.0,4.4,62.6%,2005,dst
32,Houston Texans (HOU),37,7,9,17,0,0,2,16,66.0,4.1,2.2%,2005,dst
1,Baltimore Ravens (BAL),60,28,12,12,6,2,0,16,239.0,14.9,77.5%,2006,dst
2,Chicago Bears (CHI),40,24,20,23,3,1,5,16,204.0,12.8,3.4%,2006,dst
3,New England Patriots (NE),44,22,13,13,0,1,1,16,162.0,10.1,82.9%,2006,dst
4,Los Angeles Chargers (LAC),61,16,12,17,3,0,0,16,158.0,9.9,4.6%,2006,dst
5,Minnesota Vikings (MIN),30,21,15,13,6,0,1,16,155.0,9.7,5.0%,2006,dst
6,Miami Dolphins (MIA),47,8,19,22,3,0,0,16,154.0,9.6,88.4%,2006,dst
7,Philadelphia Eagles (PHI),40,19,10,18,5,0,0,16,153.0,9.6,87.3%,2006,dst
8,Green Bay Packers (GB),46,23,10,15,5,0,0,16,150.0,9.4,55.7%,2006,dst
9,Buffalo Bills (BUF),40,13,11,13,4,0,1,16,144.0,9.0,97.9%,2006,dst
10,Denver Broncos (DEN),35,17,13,17,2,0,0,16,138.0,8.6,44.6%,2006,dst
11,Jacksonville Jaguars (JAC),35,20,4,8,1,0,1,16,138.0,8.6,24.3%,2006,dst
12,Pittsburgh Steelers (PIT),39,20,9,13,2,0,1,16,135.0,8.4,62.8%,2006,dst
13,Dallas Cowboys (DAL),34,18,13,16,4,0,1,16,132.0,8.3,96.5%,2006,dst
14,Atlanta Falcons (ATL),37,12,14,16,2,0,0,16,129.0,8.1,4.4%,2006,dst
15,Seattle Seahawks (SEA),41,12,14,14,2,0,1,16,128.0,8.0,18.7%,2006,dst
16,Arizona Cardinals (ARI),38,16,17,21,3,0,1,16,128.0,8.0,1.8%,2006,dst
17,Kansas City Chiefs (KC),32,15,15,19,0,0,1,16,128.0,8.0,44.9%,2006,dst
18,Cincinnati Bengals (CIN),35,19,12,12,1,0,0,16,123.0,7.7,45.0%,2006,dst
19,Carolina Panthers (CAR),41,14,8,15,2,1,0,16,123.0,7.7,6.8%,2006,dst
20,Las Vegas Raiders (LV),34,18,5,7,4,1,0,16,122.0,7.6,1.9%,2006,dst
21,New York Jets (NYJ),35,16,9,13,1,0,2,16,119.0,7.4,85.8%,2006,dst
22,Los Angeles Rams (LAR),34,17,15,18,2,0,0,16,119.0,7.4,4.2%,2006,dst
23,New York Giants (NYG),32,17,11,17,3,1,0,16,117.0,7.3,3.3%,2006,dst
24,Tennessee Titans (TEN),26,17,11,9,5,2,3,16,117.0,7.3,3.8%,2006,dst
25,Cleveland Browns (CLE),28,18,9,8,2,0,1,16,112.0,7.0,9.5%,2006,dst
26,San Francisco 49ers (SF),34,14,13,15,2,1,0,16,107.0,6.7,99.3%,2006,dst
27,New Orleans Saints (NO),38,11,8,12,1,0,1,16,103.0,6.4,62.6%,2006,dst
28,Detroit Lions (DET),30,12,18,17,1,1,0,16,103.0,6.4,4.6%,2006,dst
29,Houston Texans (HOU),28,11,11,13,3,0,0,16,102.0,6.4,2.2%,2006,dst
30,Tampa Bay Buccaneers (TB),25,11,9,14,3,0,0,16,99.0,6.2,11.6%,2006,dst
31,Indianapolis Colts (IND),25,15,11,17,1,0,1,16,90.0,5.6,9.3%,2006,dst
32,Washington Commanders (WAS),19,6,6,8,0,1,2,16,52.0,3.3,45.0%,2006,dst
1,Minnesota Vikings (MIN),38,15,16,21,8,1,1,16,246.0,15.4,5.0%,2007,dst
2,New England Patriots (NE),47,19,12,16,6,0,2,16,229.0,14.3,82.9%,2007,dst
3,Seattle Seahawks (SEA),45,20,14,21,2,1,3,16,227.0,14.2,18.7%,2007,dst
4,Tennessee Titans (TEN),40,22,12,15,2,0,0,16,222.0,13.9,3.8%,2007,dst
5,Detroit Lions (DET),37,17,18,21,4,1,1,16,222.0,13.9,4.6%,2007,dst
6,New York Giants (NYG),53,15,10,14,5,0,1,16,221.0,13.8,3.3%,2007,dst
7,Dallas Cowboys (DAL),46,19,10,15,3,0,0,16,219.0,13.7,96.5%,2007,dst
8,Indianapolis Colts (IND),28,22,15,19,2,2,1,16,217.0,13.6,9.3%,2007,dst
9,Chicago Bears (CHI),41,16,17,21,1,1,6,16,214.0,13.4,3.4%,2007,dst
10,Pittsburgh Steelers (PIT),36,11,14,21,2,0,1,16,208.0,13.0,62.8%,2007,dst
11,Green Bay Packers (GB),36,19,9,10,4,0,2,16,207.0,12.9,55.7%,2007,dst
12,Tampa Bay Buccaneers (TB),33,16,19,24,2,0,1,16,204.0,12.8,11.6%,2007,dst
13,Arizona Cardinals (ARI),36,18,11,13,7,0,1,16,202.0,12.6,1.8%,2007,dst
14,Jacksonville Jaguars (JAC),37,20,9,13,3,0,1,16,202.0,12.6,24.3%,2007,dst
15,Washington Commanders (WAS),33,14,10,17,2,2,0,16,196.0,12.3,45.0%,2007,dst
16,New Orleans Saints (NO),32,13,10,16,5,1,0,16,193.0,12.1,62.6%,2007,dst
17,Buffalo Bills (BUF),26,18,12,11,3,2,2,16,188.0,11.8,97.9%,2007,dst
18,Carolina Panthers (CAR),23,14,16,17,2,0,0,16,187.0,11.7,6.8%,2007,dst
19,Cincinnati Bengals (CIN),22,19,15,13,3,1,1,16,185.0,11.6,45.0%,2007,dst
20,Denver Broncos (DEN),33,14,15,18,2,1,1,16,179.0,11.2,44.6%,2007,dst
21,Kansas City Chiefs (KC),37,14,8,14,1,1,0,16,178.0,11.1,44.9%,2007,dst
22,Houston Texans (HOU),31,11,14,14,3,0,4,16,174.0,10.9,2.2%,2007,dst
23,Las Vegas Raiders (LV),27,18,8,10,2,1,0,16,173.0,10.8,1.9%,2007,dst
24,Baltimore Ravens (BAL),32,17,6,8,1,0,3,16,171.0,10.7,77.5%,2007,dst
25,Philadelphia Eagles (PHI),37,11,8,10,2,0,0,16,163.0,10.2,87.3%,2007,dst
26,Atlanta Falcons (ATL),25,16,11,13,1,0,0,16,163.0,10.2,4.4%,2007,dst
27,San Francisco 49ers (SF),31,12,9,11,1,1,0,16,162.0,10.1,99.3%,2007,dst
28,Cleveland Browns (CLE),28,17,10,9,1,1,3,16,161.0,10.1,9.5%,2007,dst
29,Miami Dolphins (MIA),30,14,8,12,2,0,1,16,149.0,9.3,88.4%,2007,dst
30,New York Jets (NYJ),29,15,6,9,1,0,3,16,145.0,9.1,85.8%,2007,dst
31,Los Angeles Chargers (LAC),42,30,18,16,5,0,2,16,103.0,6.4,4.6%,2007,dst
32,Los Angeles Rams (LAR),31,18,9,14,2,1,1,16,44.0,2.8,4.2%,2007,dst
1,Pittsburgh Steelers (PIT),51,20,9,12,3,1,0,16,212.0,13.3,62.8%,2008,dst
2,Baltimore Ravens (BAL),34,26,8,13,6,3,0,16,207.0,12.9,77.5%,2008,dst
3,Philadelphia Eagles (PHI),48,15,14,20,5,1,2,16,207.0,12.9,87.3%,2008,dst
4,Tennessee Titans (TEN),44,20,11,23,3,0,0,16,195.0,12.2,3.8%,2008,dst
5,New York Jets (NYJ),41,14,16,26,5,0,1,16,193.0,12.1,85.8%,2008,dst
6,Tampa Bay Buccaneers (TB),29,22,8,8,4,0,3,16,175.0,10.9,11.6%,2008,dst
7,Minnesota Vikings (MIN),45,12,13,20,2,3,2,16,175.0,10.9,5.0%,2008,dst
8,Chicago Bears (CHI),28,22,10,7,4,1,3,16,174.0,10.9,3.4%,2008,dst
9,Miami Dolphins (MIA),40,18,12,14,2,1,0,16,166.0,10.4,88.4%,2008,dst
10,New York Giants (NYG),42,17,5,13,2,3,1,16,166.0,10.4,3.3%,2008,dst
11,Green Bay Packers (GB),27,22,6,13,7,0,2,16,166.0,10.4,55.7%,2008,dst
12,Indianapolis Colts (IND),30,15,11,21,5,0,0,16,163.0,10.2,9.3%,2008,dst
13,Dallas Cowboys (DAL),59,8,14,15,1,1,1,16,159.0,9.9,96.5%,2008,dst
14,Arizona Cardinals (ARI),31,13,17,20,3,0,3,16,154.0,9.6,1.8%,2008,dst
15,Carolina Panthers (CAR),37,12,13,15,2,0,0,16,152.0,9.5,6.8%,2008,dst
16,Atlanta Falcons (ATL),34,10,8,10,3,1,1,16,145.0,9.1,4.4%,2008,dst
17,Cleveland Browns (CLE),17,23,8,9,2,0,1,16,142.0,8.9,9.5%,2008,dst
18,Cincinnati Bengals (CIN),17,12,12,12,3,0,0,16,138.0,8.6,45.0%,2008,dst
19,Buffalo Bills (BUF),24,10,12,12,3,0,2,16,133.0,8.3,97.9%,2008,dst
20,Las Vegas Raiders (LV),32,16,8,12,0,2,5,16,130.0,8.1,1.9%,2008,dst
21,Seattle Seahawks (SEA),35,9,11,19,4,0,0,16,130.0,8.1,18.7%,2008,dst
22,San Francisco 49ers (SF),30,12,6,9,2,0,3,16,129.0,8.1,99.3%,2008,dst
23,Jacksonville Jaguars (JAC),29,13,4,8,3,1,0,16,126.0,7.9,24.3%,2008,dst
24,New England Patriots (NE),31,14,8,11,0,0,1,16,126.0,7.9,82.9%,2008,dst
25,Washington Commanders (WAS),24,13,5,9,0,0,1,16,121.0,7.6,45.0%,2008,dst
26,Kansas City Chiefs (KC),10,13,16,19,3,0,0,16,116.0,7.3,44.9%,2008,dst
27,New Orleans Saints (NO),28,15,7,8,0,1,3,16,116.0,7.3,62.6%,2008,dst
28,Houston Texans (HOU),25,12,10,14,1,0,2,16,114.0,7.1,2.2%,2008,dst
29,Denver Broncos (DEN),26,6,7,8,2,0,0,16,103.0,6.4,44.6%,2008,dst
30,Detroit Lions (DET),30,4,16,17,1,1,0,16,93.0,5.8,4.6%,2008,dst
31,Los Angeles Chargers (LAC),28,15,9,11,3,1,1,16,87.0,5.4,4.6%,2008,dst
32,Los Angeles Rams (LAR),30,12,14,16,1,0,0,16,86.0,5.4,4.2%,2008,dst
1,San Francisco 49ers (SF),44,18,15,21,3,0,1,16,179.0,11.2,99.3%,2009,dst
2,New Orleans Saints (NO),35,26,13,12,8,0,1,16,174.0,10.9,62.6%,2009,dst
3,Green Bay Packers (GB),37,30,10,10,4,1,0,16,171.0,10.7,55.7%,2009,dst
4,New York Jets (NYJ),32,17,14,11,2,0,2,16,170.0,10.6,85.8%,2009,dst
5,Philadelphia Eagles (PHI),44,25,13,11,4,2,2,16,162.0,10.1,87.3%,2009,dst
6,Baltimore Ravens (BAL),32,22,10,13,3,0,1,16,155.0,9.7,77.5%,2009,dst
7,Carolina Panthers (CAR),31,22,15,20,1,2,0,16,143.0,8.9,6.8%,2009,dst
8,Denver Broncos (DEN),39,17,13,18,2,0,2,16,142.0,8.9,44.6%,2009,dst
9,Buffalo Bills (BUF),32,28,5,12,2,0,0,16,136.0,8.5,97.9%,2009,dst
10,Arizona Cardinals (ARI),43,21,8,11,1,0,2,16,136.0,8.5,1.8%,2009,dst
11,New England Patriots (NE),31,18,10,13,3,0,0,16,135.0,8.4,82.9%,2009,dst
12,Cincinnati Bengals (CIN),34,19,6,8,3,0,1,16,133.0,8.3,45.0%,2009,dst
13,Dallas Cowboys (DAL),42,11,10,17,1,0,2,16,133.0,8.3,96.5%,2009,dst
14,Minnesota Vikings (MIN),48,11,13,20,1,1,2,16,131.0,8.2,5.0%,2009,dst
15,Pittsburgh Steelers (PIT),47,12,10,14,3,0,0,16,129.0,8.1,62.8%,2009,dst
16,Los Angeles Chargers (LAC),35,14,10,15,3,1,1,16,126.0,7.9,4.6%,2009,dst
17,Atlanta Falcons (ATL),28,15,13,17,3,0,0,16,124.0,7.8,4.4%,2009,dst
18,Houston Texans (HOU),30,14,13,12,3,2,1,16,120.0,7.5,2.2%,2009,dst
19,Indianapolis Colts (IND),34,16,9,13,2,0,1,16,118.0,7.4,9.3%,2009,dst
20,Tennessee Titans (TEN),32,20,7,14,4,0,0,16,116.0,7.3,3.8%,2009,dst
21,Tampa Bay Buccaneers (TB),28,19,10,8,2,0,3,16,110.0,6.9,11.6%,2009,dst
22,Miami Dolphins (MIA),44,15,6,11,2,0,2,16,106.0,6.6,88.4%,2009,dst
23,Chicago Bears (CHI),35,13,15,21,1,1,2,16,104.0,6.5,3.4%,2009,dst
24,Kansas City Chiefs (KC),22,15,13,11,3,1,1,16,104.0,6.5,44.9%,2009,dst
25,Seattle Seahawks (SEA),28,13,10,11,3,0,0,16,102.0,6.4,18.7%,2009,dst
26,New York Giants (NYG),32,13,11,18,3,0,1,16,100.0,6.3,3.3%,2009,dst
27,Cleveland Browns (CLE),40,10,9,8,0,1,4,16,99.0,6.2,9.5%,2009,dst
28,Washington Commanders (WAS),40,11,6,14,0,0,0,16,92.0,5.8,45.0%,2009,dst
29,Las Vegas Raiders (LV),37,8,12,11,0,0,0,16,78.0,4.9,1.9%,2009,dst
30,Detroit Lions (DET),26,9,13,16,3,2,0,16,75.0,4.7,4.6%,2009,dst
31,Los Angeles Rams (LAR),25,8,11,13,1,0,0,16,63.0,3.9,4.2%,2009,dst
32,Jacksonville Jaguars (JAC),14,15,10,15,0,0,0,16,58.0,3.6,24.3%,2009,dst
1,Pittsburgh Steelers (PIT),48,21,14,20,3,0,1,16,181.0,11.3,62.8%,2010,dst
2,Green Bay Packers (GB),47,24,8,14,4,0,0,16,177.0,11.1,55.7%,2010,dst
3,New England Patriots (NE),36,25,13,11,5,0,4,16,172.0,10.8,82.9%,2010,dst
4,Chicago Bears (CHI),34,21,14,23,1,0,3,16,146.0,9.1,3.4%,2010,dst
5,New York Jets (NYJ),40,12,18,17,3,2,2,16,145.0,9.1,85.8%,2010,dst
6,New York Giants (NYG),46,16,23,30,0,0,0,16,142.0,8.9,3.3%,2010,dst
7,Arizona Cardinals (ARI),33,17,13,11,10,0,2,16,135.0,8.4,1.8%,2010,dst
8,Atlanta Falcons (ATL),31,22,9,12,3,0,2,16,135.0,8.4,4.4%,2010,dst
9,Los Angeles Chargers (LAC),47,16,6,10,3,1,0,16,132.0,8.3,4.6%,2010,dst
10,New Orleans Saints (NO),33,9,16,22,2,1,0,16,130.0,8.1,62.6%,2010,dst
11,Detroit Lions (DET),44,14,15,16,3,1,1,16,130.0,8.1,4.6%,2010,dst
12,Las Vegas Raiders (LV),47,12,12,12,3,2,4,16,129.0,8.1,1.9%,2010,dst
13,Philadelphia Eagles (PHI),39,23,11,10,2,0,1,16,129.0,8.1,87.3%,2010,dst
14,Baltimore Ravens (BAL),27,19,8,12,3,0,1,16,129.0,8.1,77.5%,2010,dst
15,Kansas City Chiefs (KC),39,14,9,15,3,0,1,16,123.0,7.7,44.9%,2010,dst
16,Dallas Cowboys (DAL),35,20,10,12,4,0,3,16,121.0,7.6,96.5%,2010,dst
17,Cleveland Browns (CLE),29,19,9,8,3,0,0,16,121.0,7.6,9.5%,2010,dst
18,San Francisco 49ers (SF),36,15,7,12,3,0,1,16,120.0,7.5,99.3%,2010,dst
19,Tampa Bay Buccaneers (TB),26,19,9,11,3,0,1,16,120.0,7.5,11.6%,2010,dst
20,Tennessee Titans (TEN),40,17,8,14,1,2,2,16,119.0,7.4,3.8%,2010,dst
21,Los Angeles Rams (LAR),43,14,12,19,0,1,0,16,118.0,7.4,4.2%,2010,dst
22,Seattle Seahawks (SEA),37,12,10,15,2,1,4,16,111.0,6.9,18.7%,2010,dst
23,Washington Commanders (WAS),29,14,13,15,2,0,1,16,109.0,6.8,45.0%,2010,dst
24,Minnesota Vikings (MIN),31,15,10,11,2,0,1,16,107.0,6.7,5.0%,2010,dst
25,Indianapolis Colts (IND),30,10,11,10,3,0,2,16,105.0,6.6,9.3%,2010,dst
26,Miami Dolphins (MIA),39,11,8,12,1,1,0,16,104.0,6.5,88.4%,2010,dst
27,Carolina Panthers (CAR),31,17,12,13,1,1,0,16,102.0,6.4,6.8%,2010,dst
28,Cincinnati Bengals (CIN),27,16,10,9,2,0,0,16,101.0,6.3,45.0%,2010,dst
29,Buffalo Bills (BUF),27,11,11,12,3,0,1,16,84.0,5.3,97.9%,2010,dst
30,Houston Texans (HOU),30,13,5,8,0,0,0,16,70.0,4.4,2.2%,2010,dst
31,Jacksonville Jaguars (JAC),26,13,5,5,0,0,1,16,60.0,3.8,24.3%,2010,dst
32,Denver Broncos (DEN),23,10,8,12,1,0,1,16,48.0,3.0,44.6%,2010,dst
1,San Francisco 49ers (SF),42,23,15,18,1,1,2,16,171.0,10.7,99.3%,2011,dst
2,Detroit Lions (DET),41,21,13,17,7,1,0,16,163.0,10.2,4.6%,2011,dst
3,Chicago Bears (CHI),33,20,11,13,7,1,3,16,160.0,10.0,3.4%,2011,dst
4,Baltimore Ravens (BAL),48,15,11,21,4,0,1,16,158.0,9.9,77.5%,2011,dst
5,Seattle Seahawks (SEA),33,22,9,10,4,1,1,16,156.0,9.8,18.7%,2011,dst
6,Philadelphia Eagles (PHI),50,15,9,9,4,1,0,16,145.0,9.1,87.3%,2011,dst
7,New York Jets (NYJ),35,19,12,15,3,3,2,16,144.0,9.0,85.8%,2011,dst
8,Green Bay Packers (GB),29,31,7,12,5,0,2,16,138.0,8.6,55.7%,2011,dst
9,New England Patriots (NE),40,23,11,10,3,0,1,16,136.0,8.5,82.9%,2011,dst
10,Houston Texans (HOU),44,17,10,10,2,0,1,16,135.0,8.4,2.2%,2011,dst
11,Buffalo Bills (BUF),29,20,11,13,6,1,1,16,130.0,8.1,97.9%,2011,dst
12,Cincinnati Bengals (CIN),45,10,12,16,3,1,1,16,125.0,7.8,45.0%,2011,dst
13,Jacksonville Jaguars (JAC),31,17,11,16,3,0,1,16,124.0,7.8,24.3%,2011,dst
14,Pittsburgh Steelers (PIT),35,11,4,6,1,2,1,16,122.0,7.6,62.8%,2011,dst
15,Atlanta Falcons (ATL),33,19,10,12,3,0,0,16,121.0,7.6,4.4%,2011,dst
16,New York Giants (NYG),48,20,11,10,1,2,0,16,121.0,7.6,3.3%,2011,dst
17,Kansas City Chiefs (KC),29,20,6,12,2,0,0,16,113.0,7.1,44.9%,2011,dst
18,Dallas Cowboys (DAL),42,15,9,12,1,0,0,16,113.0,7.1,96.5%,2011,dst
19,Miami Dolphins (MIA),41,16,3,6,1,0,0,16,111.0,6.9,88.4%,2011,dst
20,Tennessee Titans (TEN),28,11,12,14,1,0,2,16,107.0,6.7,3.8%,2011,dst
21,Denver Broncos (DEN),41,9,9,10,3,0,2,16,105.0,6.6,44.6%,2011,dst
22,Arizona Cardinals (ARI),42,10,9,11,0,0,4,16,101.0,6.3,1.8%,2011,dst
23,Washington Commanders (WAS),41,13,8,17,1,0,0,16,99.0,6.2,45.0%,2011,dst
24,New Orleans Saints (NO),33,9,7,14,3,0,1,16,98.0,6.1,62.6%,2011,dst
25,Cleveland Browns (CLE),32,9,11,15,0,0,1,16,96.0,6.0,9.5%,2011,dst
26,Las Vegas Raiders (LV),39,18,8,6,1,1,1,16,94.0,5.9,1.9%,2011,dst
27,Minnesota Vikings (MIN),50,8,15,18,0,1,1,16,93.0,5.8,5.0%,2011,dst
28,Los Angeles Chargers (LAC),32,17,4,7,2,0,1,16,93.0,5.8,4.6%,2011,dst
29,Los Angeles Rams (LAR),39,12,6,13,1,2,1,16,91.0,5.7,4.2%,2011,dst
30,Indianapolis Colts (IND),29,8,9,14,3,0,0,16,82.0,5.1,9.3%,2011,dst
31,Carolina Panthers (CAR),31,14,10,10,0,2,1,16,80.0,5.0,6.8%,2011,dst
32,Tampa Bay Buccaneers (TB),23,14,10,13,4,1,0,16,79.0,4.9,11.6%,2011,dst
1,Chicago Bears (CHI),41,24,20,23,9,0,1,16,224.0,14.0,3.4%,2012,dst
2,Seattle Seahawks (SEA),36,18,13,16,3,0,3,16,178.0,11.1,18.7%,2012,dst
3,Denver Broncos (DEN),52,16,8,18,6,2,2,16,171.0,10.7,44.6%,2012,dst
4,New England Patriots (NE),37,20,21,28,6,1,2,16,167.0,10.4,82.9%,2012,dst
5,Cincinnati Bengals (CIN),51,14,16,16,3,0,1,16,158.0,9.9,45.0%,2012,dst
6,San Francisco 49ers (SF),38,14,11,12,4,1,0,16,153.0,9.6,99.3%,2012,dst
7,Los Angeles Chargers (LAC),38,14,14,16,7,1,2,16,153.0,9.6,4.6%,2012,dst
8,Houston Texans (HOU),44,15,14,16,3,1,1,16,152.0,9.5,2.2%,2012,dst
9,Arizona Cardinals (ARI),38,22,11,12,3,0,1,16,149.0,9.3,1.8%,2012,dst
10,Los Angeles Rams (LAR),52,17,4,10,5,1,0,16,149.0,9.3,4.2%,2012,dst
11,Atlanta Falcons (ATL),29,20,11,15,2,0,0,16,133.0,8.3,4.4%,2012,dst
12,New York Giants (NYG),33,21,14,11,2,0,1,16,132.0,8.3,3.3%,2012,dst
13,Minnesota Vikings (MIN),44,10,12,13,3,0,2,16,123.0,7.7,5.0%,2012,dst
14,Green Bay Packers (GB),47,18,5,8,2,0,1,16,122.0,7.6,55.7%,2012,dst
15,Washington Commanders (WAS),32,21,9,12,6,0,0,16,120.0,7.5,45.0%,2012,dst
16,Carolina Panthers (CAR),39,11,12,15,4,1,0,16,118.0,7.4,6.8%,2012,dst
17,Cleveland Browns (CLE),38,17,12,16,2,0,1,16,117.0,7.3,9.5%,2012,dst
18,Tennessee Titans (TEN),39,19,5,13,5,1,4,16,115.0,7.2,3.8%,2012,dst
19,Baltimore Ravens (BAL),37,13,12,6,2,0,3,16,115.0,7.2,77.5%,2012,dst
20,New Orleans Saints (NO),30,15,11,10,4,0,1,16,113.0,7.1,62.6%,2012,dst
21,Pittsburgh Steelers (PIT),37,10,10,15,1,0,0,16,111.0,6.9,62.8%,2012,dst
22,New York Jets (NYJ),30,11,12,13,3,1,2,16,110.0,6.9,85.8%,2012,dst
23,Tampa Bay Buccaneers (TB),27,18,8,10,3,0,1,16,108.0,6.8,11.6%,2012,dst
24,Miami Dolphins (MIA),42,10,6,11,0,0,2,16,106.0,6.6,88.4%,2012,dst
25,Indianapolis Colts (IND),32,12,3,6,4,0,2,16,97.0,6.1,9.3%,2012,dst
26,Dallas Cowboys (DAL),34,7,9,13,3,0,1,16,85.0,5.3,96.5%,2012,dst
27,Buffalo Bills (BUF),36,12,9,18,1,1,3,16,78.0,4.9,97.9%,2012,dst
28,Jacksonville Jaguars (JAC),20,12,11,12,0,0,1,16,70.0,4.4,24.3%,2012,dst
29,Detroit Lions (DET),34,11,6,9,0,1,0,16,68.0,4.3,4.6%,2012,dst
30,Las Vegas Raiders (LV),25,11,8,8,0,0,0,16,61.0,3.8,1.9%,2012,dst
31,Kansas City Chiefs (KC),27,7,6,11,1,1,0,16,55.0,3.4,44.9%,2012,dst
32,Philadelphia Eagles (PHI),30,8,5,9,0,0,1,16,54.0,3.4,87.3%,2012,dst
1,Seattle Seahawks (SEA),44,28,11,14,4,2,0,16,196.0,12.3,18.7%,2013,dst
2,Carolina Panthers (CAR),60,20,10,11,4,0,0,16,190.0,11.9,6.8%,2013,dst
3,Kansas City Chiefs (KC),47,21,15,12,7,0,4,16,180.0,11.3,44.9%,2013,dst
4,Arizona Cardinals (ARI),47,20,10,11,5,2,0,16,168.0,10.5,1.8%,2013,dst
5,Cincinnati Bengals (CIN),43,20,11,13,6,0,1,16,167.0,10.4,45.0%,2013,dst
6,San Francisco 49ers (SF),38,18,11,11,5,1,0,16,163.0,10.2,99.3%,2013,dst
7,Los Angeles Rams (LAR),53,14,15,18,5,1,1,16,154.0,9.6,4.2%,2013,dst
8,New England Patriots (NE),48,17,12,11,3,0,0,16,145.0,9.1,82.9%,2013,dst
9,Buffalo Bills (BUF),57,23,6,12,3,0,0,16,143.0,8.9,97.9%,2013,dst
10,Indianapolis Colts (IND),42,15,12,15,1,2,1,16,135.0,8.4,9.3%,2013,dst
11,Tampa Bay Buccaneers (TB),35,21,10,13,3,1,0,16,126.0,7.9,11.6%,2013,dst
12,Philadelphia Eagles (PHI),37,19,12,11,2,2,0,16,122.0,7.6,87.3%,2013,dst
13,Miami Dolphins (MIA),42,18,6,8,2,1,0,16,121.0,7.6,88.4%,2013,dst
14,New York Giants (NYG),34,17,12,13,2,0,1,16,120.0,7.5,3.3%,2013,dst
15,Tennessee Titans (TEN),36,13,12,13,3,0,0,16,116.0,7.3,3.8%,2013,dst
16,Dallas Cowboys (DAL),34,15,13,13,5,0,1,16,116.0,7.3,96.5%,2013,dst
17,Denver Broncos (DEN),41,17,9,14,2,0,3,16,115.0,7.2,44.6%,2013,dst
18,Baltimore Ravens (BAL),40,16,7,14,1,0,2,16,111.0,6.9,77.5%,2013,dst
19,Chicago Bears (CHI),31,19,9,17,6,0,1,16,111.0,6.9,3.4%,2013,dst
20,Cleveland Browns (CLE),40,14,7,7,4,0,1,16,111.0,6.9,9.5%,2013,dst
21,Pittsburgh Steelers (PIT),34,10,10,14,3,1,1,16,110.0,6.9,62.8%,2013,dst
22,New Orleans Saints (NO),49,12,7,10,0,0,0,16,109.0,6.8,62.6%,2013,dst
23,Las Vegas Raiders (LV),38,9,13,17,3,0,0,16,104.0,6.5,1.9%,2013,dst
24,Washington Commanders (WAS),36,16,9,12,5,0,0,16,103.0,6.4,45.0%,2013,dst
25,Green Bay Packers (GB),44,11,11,13,3,0,1,16,100.0,6.3,55.7%,2013,dst
26,Detroit Lions (DET),33,15,7,8,2,2,2,16,100.0,6.3,4.6%,2013,dst
27,New York Jets (NYJ),41,13,2,9,1,1,0,16,97.0,6.1,85.8%,2013,dst
28,Los Angeles Chargers (LAC),35,11,6,9,1,0,0,16,91.0,5.7,4.6%,2013,dst
29,Jacksonville Jaguars (JAC),31,11,10,14,2,3,0,16,86.0,5.4,24.3%,2013,dst
30,Atlanta Falcons (ATL),32,10,11,13,3,0,0,16,84.0,5.3,4.4%,2013,dst
31,Minnesota Vikings (MIN),41,12,8,11,1,0,3,16,72.0,4.5,5.0%,2013,dst
32,Houston Texans (HOU),32,7,4,8,1,1,1,16,64.0,4.0,2.2%,2013,dst
1,Houston Texans (HOU),38,20,14,16,5,1,1,16,171.0,10.7,2.2%,2014,dst
2,Philadelphia Eagles (PHI),49,12,16,22,4,0,6,16,159.0,9.9,87.3%,2014,dst
3,Buffalo Bills (BUF),54,19,11,13,1,1,2,16,158.0,9.9,97.9%,2014,dst
4,Seattle Seahawks (SEA),37,13,10,15,2,1,1,16,144.0,9.0,18.7%,2014,dst
5,Los Angeles Rams (LAR),40,13,12,16,3,0,2,16,139.0,8.7,4.2%,2014,dst
6,Baltimore Ravens (BAL),49,11,11,14,1,1,2,16,138.0,8.6,77.5%,2014,dst
7,New England Patriots (NE),40,16,9,14,2,0,3,16,138.0,8.6,82.9%,2014,dst
8,Arizona Cardinals (ARI),35,18,7,7,4,0,1,16,134.0,8.4,1.8%,2014,dst
9,Detroit Lions (DET),42,20,7,11,2,1,0,16,130.0,8.1,4.6%,2014,dst
10,Green Bay Packers (GB),41,18,9,11,4,1,2,16,130.0,8.1,55.7%,2014,dst
11,Indianapolis Colts (IND),41,12,14,18,2,0,0,16,130.0,8.1,9.3%,2014,dst
12,San Francisco 49ers (SF),36,23,6,10,3,0,0,16,129.0,8.1,99.3%,2014,dst
13,Cleveland Browns (CLE),31,21,8,11,3,1,0,16,128.0,8.0,9.5%,2014,dst
14,Minnesota Vikings (MIN),41,13,6,8,4,0,2,16,126.0,7.9,5.0%,2014,dst
15,Miami Dolphins (MIA),39,14,11,12,3,3,0,16,125.0,7.8,88.4%,2014,dst
16,Dallas Cowboys (DAL),28,18,13,15,3,0,0,16,119.0,7.4,96.5%,2014,dst
17,Denver Broncos (DEN),41,18,7,15,3,1,0,16,119.0,7.4,44.6%,2014,dst
18,Pittsburgh Steelers (PIT),33,11,10,11,5,1,1,16,113.0,7.1,62.8%,2014,dst
19,Carolina Panthers (CAR),40,14,12,20,2,0,1,16,113.0,7.1,6.8%,2014,dst
20,Jacksonville Jaguars (JAC),45,6,14,19,3,1,0,16,111.0,6.9,24.3%,2014,dst
21,New York Giants (NYG),47,17,8,14,1,0,0,16,108.0,6.8,3.3%,2014,dst
22,Tampa Bay Buccaneers (TB),36,14,11,14,3,0,0,16,105.0,6.6,11.6%,2014,dst
23,Cincinnati Bengals (CIN),20,20,6,4,1,3,0,16,104.0,6.5,45.0%,2014,dst
24,Kansas City Chiefs (KC),46,6,7,10,2,0,2,16,103.0,6.4,44.9%,2014,dst
25,Los Angeles Chargers (LAC),26,7,11,15,3,1,0,16,98.0,6.1,4.6%,2014,dst
26,Chicago Bears (CHI),39,14,10,15,1,0,1,16,96.0,6.0,3.4%,2014,dst
27,Atlanta Falcons (ATL),22,16,12,10,2,0,1,16,93.0,5.8,4.4%,2014,dst
28,Tennessee Titans (TEN),39,12,4,5,2,1,0,16,78.0,4.9,3.8%,2014,dst
29,New York Jets (NYJ),45,6,7,7,0,1,0,16,77.0,4.8,85.8%,2014,dst
30,New Orleans Saints (NO),34,12,5,10,0,2,0,16,69.0,4.3,62.6%,2014,dst
31,Washington Commanders (WAS),36,7,12,14,0,0,0,16,68.0,4.3,45.0%,2014,dst
32,Las Vegas Raiders (LV),22,9,5,10,1,0,0,16,59.0,3.7,1.9%,2014,dst
1,Kansas City Chiefs (KC),47,22,7,13,6,1,0,16,176.0,11.0,44.9%,2015,dst
2,Denver Broncos (DEN),52,14,13,19,5,1,1,16,168.0,10.5,44.6%,2015,dst
3,Carolina Panthers (CAR),44,24,15,20,5,0,0,16,167.0,10.4,6.8%,2015,dst
4,Arizona Cardinals (ARI),36,19,14,19,6,2,1,16,162.0,10.1,1.8%,2015,dst
5,Houston Texans (HOU),45,14,11,10,3,0,0,16,150.0,9.4,2.2%,2015,dst
6,Seattle Seahawks (SEA),37,14,8,16,3,0,2,16,148.0,9.3,18.7%,2015,dst
7,Pittsburgh Steelers (PIT),48,17,13,14,2,0,1,16,141.0,8.8,62.8%,2015,dst
8,Cincinnati Bengals (CIN),42,21,7,10,1,0,0,16,138.0,8.6,45.0%,2015,dst
9,New England Patriots (NE),49,12,9,20,2,1,0,16,133.0,8.3,82.9%,2015,dst
10,Los Angeles Rams (LAR),41,13,13,18,3,1,1,16,132.0,8.3,4.2%,2015,dst
11,Minnesota Vikings (MIN),43,13,9,10,3,0,3,16,122.0,7.6,5.0%,2015,dst
12,Indianapolis Colts (IND),35,17,8,12,5,1,0,16,121.0,7.6,9.3%,2015,dst
13,Philadelphia Eagles (PHI),37,15,11,17,4,1,3,16,119.0,7.4,87.3%,2015,dst
14,Green Bay Packers (GB),43,16,6,11,3,0,0,16,119.0,7.4,55.7%,2015,dst
15,New York Jets (NYJ),39,18,12,13,0,0,0,16,116.0,7.3,85.8%,2015,dst
16,Washington Commanders (WAS),38,11,15,21,2,1,2,16,115.0,7.2,45.0%,2015,dst
17,Las Vegas Raiders (LV),38,14,11,13,1,2,0,16,106.0,6.6,1.9%,2015,dst
18,Tampa Bay Buccaneers (TB),38,11,12,18,3,0,0,16,104.0,6.5,11.6%,2015,dst
19,New York Giants (NYG),23,15,12,17,4,1,2,16,100.0,6.3,3.3%,2015,dst
20,Buffalo Bills (BUF),21,17,8,5,3,1,0,16,98.0,6.1,97.9%,2015,dst
21,Detroit Lions (DET),43,9,9,17,2,2,0,16,97.0,6.1,4.6%,2015,dst
22,Atlanta Falcons (ATL),19,15,8,12,4,0,0,16,93.0,5.8,4.4%,2015,dst
23,Baltimore Ravens (BAL),37,6,8,7,2,0,2,16,92.0,5.8,77.5%,2015,dst
24,Jacksonville Jaguars (JAC),36,9,9,14,3,0,1,16,90.0,5.6,24.3%,2015,dst
25,Tennessee Titans (TEN),39,11,8,7,2,0,0,16,88.0,5.5,3.8%,2015,dst
26,Miami Dolphins (MIA),31,13,3,8,3,0,1,16,86.0,5.4,88.4%,2015,dst
27,Los Angeles Chargers (LAC),32,11,9,9,1,0,0,16,83.0,5.2,4.6%,2015,dst
28,Dallas Cowboys (DAL),31,8,3,5,1,1,1,16,80.0,5.0,96.5%,2015,dst
29,Cleveland Browns (CLE),29,11,10,14,2,0,1,16,80.0,5.0,9.5%,2015,dst
30,Chicago Bears (CHI),35,8,9,6,0,0,0,16,77.0,4.8,3.4%,2015,dst
31,New Orleans Saints (NO),31,9,13,15,1,0,2,16,73.0,4.6,62.6%,2015,dst
32,San Francisco 49ers (SF),28,9,3,5,1,0,0,16,65.0,4.1,99.3%,2015,dst
1,Denver Broncos (DEN),42,14,13,15,4,0,0,16,152.0,9.5,44.6%,2016,dst
2,Kansas City Chiefs (KC),28,18,15,13,5,1,3,16,148.0,9.3,44.9%,2016,dst
3,Arizona Cardinals (ARI),48,14,14,17,3,2,0,16,146.0,9.1,1.8%,2016,dst
4,New York Giants (NYG),35,17,8,13,3,0,1,16,141.0,8.8,3.3%,2016,dst
5,Minnesota Vikings (MIN),41,14,13,13,4,1,3,16,139.0,8.7,5.0%,2016,dst
6,Tampa Bay Buccaneers (TB),38,17,12,16,4,1,0,16,133.0,8.3,11.6%,2016,dst
7,Philadelphia Eagles (PHI),34,16,10,12,3,1,2,16,128.0,8.0,87.3%,2016,dst
8,New England Patriots (NE),34,13,10,13,0,3,0,16,126.0,7.9,82.9%,2016,dst
9,Carolina Panthers (CAR),47,17,10,17,3,1,0,16,124.0,7.8,6.8%,2016,dst
10,Baltimore Ravens (BAL),31,18,10,11,1,0,1,16,122.0,7.6,77.5%,2016,dst
11,Los Angeles Chargers (LAC),35,18,10,12,5,1,0,16,119.0,7.4,4.6%,2016,dst
12,Seattle Seahawks (SEA),42,11,8,14,1,1,0,16,116.0,7.3,18.7%,2016,dst
13,Atlanta Falcons (ATL),34,12,10,17,5,0,0,16,111.0,6.9,4.4%,2016,dst
14,Pittsburgh Steelers (PIT),38,13,10,14,1,1,0,16,106.0,6.6,62.8%,2016,dst
15,Miami Dolphins (MIA),33,16,9,15,1,0,3,16,104.0,6.5,88.4%,2016,dst
16,Buffalo Bills (BUF),39,12,6,9,3,0,0,16,103.0,6.4,97.9%,2016,dst
17,Green Bay Packers (GB),40,17,8,8,0,0,0,16,100.0,6.3,55.7%,2016,dst
18,Las Vegas Raiders (LV),25,16,14,19,1,0,0,16,94.0,5.9,1.9%,2016,dst
19,Cincinnati Bengals (CIN),33,17,3,5,0,1,0,16,92.0,5.8,45.0%,2016,dst
20,Tennessee Titans (TEN),40,12,6,4,1,0,0,16,92.0,5.8,3.8%,2016,dst
21,Dallas Cowboys (DAL),36,9,11,17,0,0,0,16,91.0,5.7,96.5%,2016,dst
22,Los Angeles Rams (LAR),31,10,8,11,1,0,0,16,91.0,5.7,4.2%,2016,dst
23,Houston Texans (HOU),31,11,6,6,1,1,1,16,89.0,5.6,2.2%,2016,dst
24,Washington Commanders (WAS),38,13,7,15,0,0,1,16,86.0,5.4,45.0%,2016,dst
25,Indianapolis Colts (IND),33,8,9,15,1,0,1,16,81.0,5.1,9.3%,2016,dst
26,Chicago Bears (CHI),37,8,3,9,2,1,1,16,78.0,4.9,3.4%,2016,dst
27,Detroit Lions (DET),26,10,4,7,1,2,2,16,73.0,4.6,4.6%,2016,dst
28,Jacksonville Jaguars (JAC),33,7,6,8,1,0,1,16,64.0,4.0,24.3%,2016,dst
29,San Francisco 49ers (SF),33,10,10,12,0,1,0,16,63.0,3.9,99.3%,2016,dst
30,New Orleans Saints (NO),30,9,12,11,0,1,0,16,58.0,3.6,62.6%,2016,dst
31,New York Jets (NYJ),27,8,4,12,1,0,0,16,56.0,3.5,85.8%,2016,dst
32,Cleveland Browns (CLE),26,10,3,5,1,0,0,16,48.0,3.0,9.5%,2016,dst
1,Jacksonville Jaguars (JAC),55,21,12,17,7,0,1,16,199.0,12.4,24.3%,2017,dst
2,Baltimore Ravens (BAL),41,22,12,15,6,0,2,16,174.0,10.9,77.5%,2017,dst
3,Philadelphia Eagles (PHI),38,19,11,12,6,0,0,16,166.0,10.4,87.3%,2017,dst
4,Los Angeles Rams (LAR),48,18,10,17,3,2,3,16,161.0,10.1,4.2%,2017,dst
5,Los Angeles Chargers (LAC),43,18,9,13,4,0,1,16,151.0,9.4,4.6%,2017,dst
6,Detroit Lions (DET),35,19,13,13,5,0,2,16,144.0,9.0,4.6%,2017,dst
7,New Orleans Saints (NO),42,20,5,15,3,0,2,16,143.0,8.9,62.6%,2017,dst
8,Seattle Seahawks (SEA),39,14,9,10,4,2,1,16,131.0,8.2,18.7%,2017,dst
9,Pittsburgh Steelers (PIT),56,16,6,11,0,1,1,16,131.0,8.2,62.8%,2017,dst
10,Carolina Panthers (CAR),50,10,11,13,1,0,2,16,125.0,7.8,6.8%,2017,dst
11,Chicago Bears (CHI),42,8,14,11,3,1,2,16,125.0,7.8,3.4%,2017,dst
12,Kansas City Chiefs (KC),31,16,10,11,3,0,1,16,118.0,7.4,44.9%,2017,dst
13,Minnesota Vikings (MIN),37,14,5,5,1,1,0,16,117.0,7.3,5.0%,2017,dst
14,New England Patriots (NE),42,12,5,9,0,2,1,16,116.0,7.3,82.9%,2017,dst
15,Arizona Cardinals (ARI),37,15,6,16,2,0,0,16,111.0,6.9,1.8%,2017,dst
16,Tennessee Titans (TEN),43,12,9,11,1,0,0,16,111.0,6.9,3.8%,2017,dst
17,Washington Commanders (WAS),42,16,7,12,2,0,0,16,109.0,6.8,45.0%,2017,dst
18,Dallas Cowboys (DAL),38,10,10,13,1,0,1,16,106.0,6.6,96.5%,2017,dst
19,Denver Broncos (DEN),33,10,7,8,4,0,0,16,106.0,6.6,44.6%,2017,dst
20,Tampa Bay Buccaneers (TB),22,13,13,15,4,0,0,16,106.0,6.6,11.6%,2017,dst
21,Buffalo Bills (BUF),27,18,7,13,3,0,0,16,104.0,6.5,97.9%,2017,dst
22,Atlanta Falcons (ATL),39,8,8,11,3,0,0,16,99.0,6.2,4.4%,2017,dst
23,Cincinnati Bengals (CIN),41,11,2,4,3,0,0,16,97.0,6.1,45.0%,2017,dst
24,Green Bay Packers (GB),37,11,10,10,2,0,0,16,92.0,5.8,55.7%,2017,dst
25,Miami Dolphins (MIA),30,9,6,7,3,2,0,16,90.0,5.6,88.4%,2017,dst
26,New York Giants (NYG),27,13,6,11,2,1,0,16,88.0,5.5,3.3%,2017,dst
27,Indianapolis Colts (IND),25,13,7,11,1,2,0,16,86.0,5.4,9.3%,2017,dst
28,Houston Texans (HOU),32,11,5,12,4,1,0,16,82.0,5.1,2.2%,2017,dst
29,San Francisco 49ers (SF),30,10,10,13,1,0,0,16,79.0,4.9,99.3%,2017,dst
30,Cleveland Browns (CLE),34,7,6,14,1,0,0,16,74.0,4.6,9.5%,2017,dst
31,New York Jets (NYJ),28,11,9,8,0,0,0,16,71.0,4.4,85.8%,2017,dst
32,Las Vegas Raiders (LV),31,5,9,12,0,0,0,16,68.0,4.3,1.9%,2017,dst
1,Chicago Bears (CHI),50,27,9,17,6,1,0,16,190.0,11.9,3.4%,2018,dst
2,Los Angeles Rams (LAR),41,18,12,12,4,2,0,16,149.0,9.3,4.2%,2018,dst
3,Houston Texans (HOU),43,15,14,19,4,0,0,16,147.0,9.2,2.2%,2018,dst
4,New England Patriots (NE),30,18,10,12,2,0,2,16,131.0,8.2,82.9%,2018,dst
5,Denver Broncos (DEN),44,17,10,13,2,0,0,16,126.0,7.9,44.6%,2018,dst
6,Baltimore Ravens (BAL),43,12,5,8,3,0,1,16,126.0,7.9,77.5%,2018,dst
7,Kansas City Chiefs (KC),52,15,12,21,4,0,1,16,125.0,7.8,44.9%,2018,dst
8,Minnesota Vikings (MIN),50,12,8,7,3,0,0,16,125.0,7.8,5.0%,2018,dst
9,Seattle Seahawks (SEA),43,12,14,16,2,0,0,16,123.0,7.7,18.7%,2018,dst
10,Washington Commanders (WAS),46,15,11,18,1,0,0,16,120.0,7.5,45.0%,2018,dst
11,Indianapolis Colts (IND),38,15,11,14,0,0,0,16,118.0,7.4,9.3%,2018,dst
12,Pittsburgh Steelers (PIT),52,8,7,11,3,2,0,16,113.0,7.1,62.8%,2018,dst
13,Tennessee Titans (TEN),39,11,6,10,2,0,1,16,113.0,7.1,3.8%,2018,dst
14,New Orleans Saints (NO),49,12,12,19,1,0,0,16,110.0,6.9,62.6%,2018,dst
15,Jacksonville Jaguars (JAC),37,11,6,6,2,2,1,16,109.0,6.8,24.3%,2018,dst
16,Los Angeles Chargers (LAC),38,13,7,5,2,0,1,16,109.0,6.8,4.6%,2018,dst
17,Buffalo Bills (BUF),36,16,11,18,1,1,0,16,107.0,6.7,97.9%,2018,dst
18,Miami Dolphins (MIA),31,21,7,10,3,0,2,16,106.0,6.6,88.4%,2018,dst
19,Arizona Cardinals (ARI),49,7,9,13,2,0,0,16,101.0,6.3,1.8%,2018,dst
20,Cleveland Browns (CLE),37,17,14,16,0,1,0,16,100.0,6.3,9.5%,2018,dst
21,Detroit Lions (DET),43,7,7,9,2,0,0,16,100.0,6.3,4.6%,2018,dst
22,Dallas Cowboys (DAL),39,9,11,14,1,0,0,16,98.0,6.1,96.5%,2018,dst
23,Philadelphia Eagles (PHI),44,10,7,12,0,0,0,16,97.0,6.1,87.3%,2018,dst
24,New York Jets (NYJ),39,13,7,12,3,0,2,16,94.0,5.9,85.8%,2018,dst
25,Green Bay Packers (GB),43,7,8,9,1,0,0,16,92.0,5.8,55.7%,2018,dst
26,Carolina Panthers (CAR),35,13,9,13,1,0,0,16,90.0,5.6,6.8%,2018,dst
27,Cincinnati Bengals (CIN),34,12,6,9,5,0,0,16,85.0,5.3,45.0%,2018,dst
28,New York Giants (NYG),30,16,5,9,3,0,0,16,84.0,5.3,3.3%,2018,dst
29,Atlanta Falcons (ATL),37,15,4,8,2,0,0,16,80.0,5.0,4.4%,2018,dst
30,Tampa Bay Buccaneers (TB),38,9,8,11,2,0,0,16,68.0,4.3,11.6%,2018,dst
31,San Francisco 49ers (SF),37,2,5,9,1,1,1,16,52.0,3.3,99.3%,2018,dst
32,Las Vegas Raiders (LV),13,14,3,5,1,0,1,16,40.0,2.5,1.9%,2018,dst
1,New England Patriots (NE),47,25,11,14,5,1,2,16,232.0,14.5,82.9%,2019,dst
2,Pittsburgh Steelers (PIT),54,20,18,19,3,0,1,16,181.0,11.3,62.8%,2019,dst
3,San Francisco 49ers (SF),48,12,15,21,5,0,0,16,163.0,10.2,99.3%,2019,dst
4,Baltimore Ravens (BAL),37,13,12,15,6,0,0,16,153.0,9.6,77.5%,2019,dst
5,Kansas City Chiefs (KC),45,16,7,12,3,0,1,16,148.0,9.3,44.9%,2019,dst
6,Los Angeles Rams (LAR),50,13,11,13,4,1,0,16,146.0,9.1,4.2%,2019,dst
7,Minnesota Vikings (MIN),48,17,14,18,2,1,0,16,144.0,9.0,5.0%,2019,dst
8,New Orleans Saints (NO),51,13,10,10,3,1,1,16,143.0,8.9,62.6%,2019,dst
9,Buffalo Bills (BUF),44,14,9,15,0,1,1,16,137.0,8.6,97.9%,2019,dst
10,Tampa Bay Buccaneers (TB),47,12,16,20,6,0,0,16,134.0,8.4,11.6%,2019,dst
11,Tennessee Titans (TEN),43,14,9,10,3,1,1,16,133.0,8.3,3.8%,2019,dst
12,New York Jets (NYJ),35,12,9,8,5,2,1,16,133.0,8.3,85.8%,2019,dst
13,Indianapolis Colts (IND),41,15,8,13,1,2,2,16,127.0,7.9,9.3%,2019,dst
14,Seattle Seahawks (SEA),28,16,16,18,3,0,0,16,124.0,7.8,18.7%,2019,dst
15,Philadelphia Eagles (PHI),43,11,9,15,3,0,0,16,113.0,7.1,87.3%,2019,dst
16,Green Bay Packers (GB),41,17,7,11,0,0,0,16,110.0,6.9,55.7%,2019,dst
17,Jacksonville Jaguars (JAC),47,10,9,13,2,0,0,16,103.0,6.4,24.3%,2019,dst
18,Chicago Bears (CHI),32,10,9,12,1,1,1,16,102.0,6.4,3.4%,2019,dst
19,Denver Broncos (DEN),40,10,6,8,1,0,0,16,101.0,6.3,44.6%,2019,dst
20,Dallas Cowboys (DAL),39,7,10,13,1,0,0,16,99.0,6.2,96.5%,2019,dst
21,Atlanta Falcons (ATL),28,12,8,13,2,0,1,16,98.0,6.1,4.4%,2019,dst
22,Carolina Panthers (CAR),53,14,7,8,1,2,0,16,95.0,5.9,6.8%,2019,dst
23,Houston Texans (HOU),31,12,10,14,2,0,0,16,94.0,5.9,2.2%,2019,dst
24,Washington Commanders (WAS),46,13,9,15,0,0,1,16,94.0,5.9,45.0%,2019,dst
25,Cleveland Browns (CLE),38,14,6,12,1,0,0,16,91.0,5.7,9.5%,2019,dst
26,New York Giants (NYG),36,10,6,8,2,1,0,16,86.0,5.4,3.3%,2019,dst
27,Los Angeles Chargers (LAC),30,11,3,5,0,0,1,16,81.0,5.1,4.6%,2019,dst
28,Detroit Lions (DET),28,7,11,13,1,0,2,16,78.0,4.9,4.6%,2019,dst
29,Las Vegas Raiders (LV),32,9,6,8,2,0,0,16,70.0,4.4,1.9%,2019,dst
30,Arizona Cardinals (ARI),40,7,10,19,0,0,0,16,68.0,4.3,1.8%,2019,dst
31,Cincinnati Bengals (CIN),31,11,5,9,0,1,1,16,67.0,4.2,45.0%,2019,dst
32,Miami Dolphins (MIA),23,13,3,9,1,1,1,16,50.0,3.1,88.4%,2019,dst
1,Los Angeles Rams (LAR),53,14,8,12,4,1,0,16,151.0,9.4,4.2%,2020,dst
2,Pittsburgh Steelers (PIT),56,18,9,12,3,1,0,17,148.0,8.7,62.8%,2020,dst
3,Indianapolis Colts (IND),40,15,10,11,4,3,2,16,145.0,9.1,9.3%,2020,dst
4,Miami Dolphins (MIA),41,18,10,14,2,0,1,16,141.0,8.8,88.4%,2020,dst
5,Baltimore Ravens (BAL),39,10,12,22,3,2,1,16,141.0,8.8,77.5%,2020,dst
6,Washington Commanders (WAS),47,16,7,13,3,1,0,16,127.0,7.9,45.0%,2020,dst
7,New Orleans Saints (NO),45,18,8,6,1,1,0,16,126.0,7.9,62.6%,2020,dst
8,Tampa Bay Buccaneers (TB),48,15,10,15,1,1,0,16,119.0,7.4,11.6%,2020,dst
9,Buffalo Bills (BUF),38,15,11,14,3,0,1,16,118.0,7.4,97.9%,2020,dst
10,Arizona Cardinals (ARI),48,11,10,12,0,1,0,16,110.0,6.9,1.8%,2020,dst
11,New England Patriots (NE),24,18,4,5,2,0,2,16,108.0,6.8,82.9%,2020,dst
12,Kansas City Chiefs (KC),32,16,6,11,2,1,2,16,108.0,6.8,44.9%,2020,dst
13,Seattle Seahawks (SEA),46,14,8,12,0,3,0,16,105.0,6.6,18.7%,2020,dst
14,New York Giants (NYG),40,11,11,13,2,0,0,16,103.0,6.4,3.3%,2020,dst
15,Philadelphia Eagles (PHI),49,8,11,12,3,1,1,16,103.0,6.4,87.3%,2020,dst
16,Carolina Panthers (CAR),29,7,15,13,3,0,0,16,99.0,6.2,6.8%,2020,dst
17,Cleveland Browns (CLE),38,11,10,16,2,2,0,16,97.0,6.1,9.5%,2020,dst
18,Green Bay Packers (GB),41,11,7,11,2,1,0,16,94.0,5.9,55.7%,2020,dst
19,Chicago Bears (CHI),35,10,8,13,1,1,1,16,92.0,5.8,3.4%,2020,dst
20,San Francisco 49ers (SF),30,12,8,11,1,0,0,16,90.0,5.6,99.3%,2020,dst
21,Dallas Cowboys (DAL),31,10,12,13,2,0,1,16,78.0,4.9,96.5%,2020,dst
22,Denver Broncos (DEN),42,10,6,11,0,0,1,16,77.0,4.8,44.6%,2020,dst
23,Los Angeles Chargers (LAC),27,12,7,5,2,1,0,16,76.0,4.8,4.6%,2020,dst
24,Atlanta Falcons (ATL),29,12,9,17,1,0,0,16,72.0,4.5,4.4%,2020,dst
25,New York Jets (NYJ),31,10,9,17,1,1,0,16,67.0,4.2,85.8%,2020,dst
26,Tennessee Titans (TEN),19,15,8,11,2,0,1,17,66.0,3.9,3.8%,2020,dst
27,Minnesota Vikings (MIN),23,15,7,8,0,1,0,16,60.0,3.8,5.0%,2020,dst
28,Jacksonville Jaguars (JAC),18,12,5,8,1,0,2,16,54.0,3.4,24.3%,2020,dst
29,Cincinnati Bengals (CIN),17,11,6,10,0,0,1,16,45.0,2.8,45.0%,2020,dst
30,Houston Texans (HOU),34,3,6,9,1,0,0,16,45.0,2.8,2.2%,2020,dst
31,Las Vegas Raiders (LV),21,10,5,8,0,0,0,16,43.0,2.7,1.9%,2020,dst
32,Detroit Lions (DET),24,7,5,15,0,1,1,16,35.0,2.2,4.6%,2020,dst
1,Dallas Cowboys (DAL),41,26,8,13,6,0,3,17,185.0,10.9,96.5%,2021,dst
2,New England Patriots (NE),36,23,7,11,3,0,0,17,158.0,9.3,82.9%,2021,dst
3,Miami Dolphins (MIA),48,14,13,14,5,0,1,17,155.0,9.1,88.4%,2021,dst
4,Buffalo Bills (BUF),42,19,11,10,1,0,0,17,151.0,8.9,97.9%,2021,dst
5,New Orleans Saints (NO),46,18,7,12,2,0,0,17,145.0,8.5,62.6%,2021,dst
6,Tampa Bay Buccaneers (TB),47,17,12,15,2,0,0,17,141.0,8.3,11.6%,2021,dst
7,Indianapolis Colts (IND),33,19,14,17,1,1,2,17,138.0,8.1,9.3%,2021,dst
8,Kansas City Chiefs (KC),31,15,14,18,4,0,0,17,131.0,7.7,44.9%,2021,dst
9,Arizona Cardinals (ARI),41,13,14,20,2,0,0,17,126.0,7.4,1.8%,2021,dst
10,Minnesota Vikings (MIN),51,16,8,13,2,0,2,17,124.0,7.3,5.0%,2021,dst
11,Tennessee Titans (TEN),43,16,6,10,4,0,0,17,123.0,7.2,3.8%,2021,dst
12,Los Angeles Rams (LAR),50,19,6,13,0,0,1,17,121.0,7.1,4.2%,2021,dst
13,Denver Broncos (DEN),36,13,6,6,1,0,0,17,119.0,7.0,44.6%,2021,dst
14,San Francisco 49ers (SF),48,9,11,21,2,0,0,17,118.0,6.9,99.3%,2021,dst
15,Green Bay Packers (GB),39,18,8,9,2,0,0,17,117.0,6.9,55.7%,2021,dst
16,Philadelphia Eagles (PHI),29,12,4,11,5,0,0,17,111.0,6.5,87.3%,2021,dst
17,Pittsburgh Steelers (PIT),55,13,9,16,0,0,1,17,111.0,6.5,62.8%,2021,dst
18,Cincinnati Bengals (CIN),42,13,8,14,2,0,0,17,108.0,6.4,45.0%,2021,dst
19,Chicago Bears (CHI),49,8,8,12,2,1,1,17,105.0,6.2,3.4%,2021,dst
20,Cleveland Browns (CLE),43,13,6,12,2,0,0,17,104.0,6.1,9.5%,2021,dst
21,Seattle Seahawks (SEA),34,11,7,8,0,1,1,17,95.0,5.6,18.7%,2021,dst
22,Washington Commanders (WAS),38,11,7,9,2,0,1,17,92.0,5.4,45.0%,2021,dst
23,Carolina Panthers (CAR),39,9,7,11,0,1,1,17,89.0,5.2,6.8%,2021,dst
24,Houston Texans (HOU),32,17,8,15,1,1,1,17,87.0,5.1,2.2%,2021,dst
25,New York Giants (NYG),34,15,7,10,1,1,0,17,86.0,5.1,3.3%,2021,dst
26,Baltimore Ravens (BAL),34,9,6,8,2,0,0,17,85.0,5.0,77.5%,2021,dst
27,Los Angeles Chargers (LAC),35,11,10,18,1,0,1,17,78.0,4.6,4.6%,2021,dst
28,Las Vegas Raiders (LV),35,6,9,9,0,1,0,17,65.0,3.8,1.9%,2021,dst
29,Atlanta Falcons (ATL),18,12,8,10,2,1,0,17,65.0,3.8,4.4%,2021,dst
30,Jacksonville Jaguars (JAC),32,7,2,6,1,0,1,17,64.0,3.8,24.3%,2021,dst
31,New York Jets (NYJ),33,7,7,12,1,0,1,17,58.0,3.4,85.8%,2021,dst
32,Detroit Lions (DET),30,11,8,11,0,0,0,17,58.0,3.4,4.6%,2021,dst
1,New England Patriots (NE),54,19,11,15,7,0,1,17,186.0,10.9,82.9%,2022,dst
2,Dallas Cowboys (DAL),54,16,17,21,3,0,0,17,170.0,10.0,96.5%,2022,dst
3,San Francisco 49ers (SF),44,20,10,13,3,0,0,17,163.0,9.6,99.3%,2022,dst
4,Buffalo Bills (BUF),40,17,10,10,1,2,2,17,152.0,8.9,97.9%,2022,dst
5,Philadelphia Eagles (PHI),70,17,10,15,2,0,0,17,151.0,8.9,87.3%,2022,dst
6,Jacksonville Jaguars (JAC),35,14,13,16,4,0,0,17,139.0,8.2,24.3%,2022,dst
7,Baltimore Ravens (BAL),48,14,11,14,0,0,1,17,134.0,7.9,77.5%,2022,dst
8,Kansas City Chiefs (KC),55,11,9,11,2,1,0,17,121.0,7.1,44.9%,2022,dst
9,Carolina Panthers (CAR),35,10,7,7,3,0,0,17,118.0,6.9,6.8%,2022,dst
10,New York Jets (NYJ),45,12,4,9,0,2,1,17,118.0,6.9,85.8%,2022,dst
11,Washington Commanders (WAS),43,9,9,7,3,1,0,17,117.0,6.9,45.0%,2022,dst
12,Green Bay Packers (GB),34,17,7,11,2,1,1,17,117.0,6.9,55.7%,2022,dst
13,Seattle Seahawks (SEA),45,14,11,15,1,0,1,17,117.0,6.9,18.7%,2022,dst
14,Houston Texans (HOU),39,16,11,9,1,1,0,17,116.0,6.8,2.2%,2022,dst
15,Indianapolis Colts (IND),44,10,11,13,2,0,1,17,116.0,6.8,9.3%,2022,dst
16,New Orleans Saints (NO),48,7,7,11,1,0,0,17,115.0,6.8,62.6%,2022,dst
17,Cincinnati Bengals (CIN),30,13,11,13,1,0,0,17,115.0,6.8,45.0%,2022,dst
18,New York Giants (NYG),41,6,13,18,2,0,0,17,107.0,6.3,3.3%,2022,dst
19,Pittsburgh Steelers (PIT),40,20,3,9,1,0,0,17,107.0,6.3,62.8%,2022,dst
20,Miami Dolphins (MIA),40,8,6,14,2,1,1,17,107.0,6.3,88.4%,2022,dst
21,Cleveland Browns (CLE),34,11,9,10,3,0,1,17,107.0,6.3,9.5%,2022,dst
22,Minnesota Vikings (MIN),38,15,10,10,1,0,1,17,106.0,6.2,5.0%,2022,dst
23,Los Angeles Chargers (LAC),40,14,10,13,1,1,0,17,106.0,6.2,4.6%,2022,dst
24,Los Angeles Rams (LAR),38,16,6,9,1,0,0,17,104.0,6.1,4.2%,2022,dst
25,Tennessee Titans (TEN),39,14,6,11,1,0,0,17,104.0,6.1,3.8%,2022,dst
26,Tampa Bay Buccaneers (TB),44,10,10,14,1,0,0,17,103.0,6.1,11.6%,2022,dst
27,Arizona Cardinals (ARI),36,11,9,11,5,0,0,17,103.0,6.1,1.8%,2022,dst
28,Denver Broncos (DEN),36,15,8,15,0,1,0,17,102.0,6.0,44.6%,2022,dst
29,Detroit Lions (DET),39,12,10,12,1,1,1,17,98.0,5.8,4.6%,2022,dst
30,Atlanta Falcons (ATL),21,10,7,8,2,1,2,17,89.0,5.2,4.4%,2022,dst
31,Las Vegas Raiders (LV),27,6,7,10,3,0,0,17,77.0,4.5,1.9%,2022,dst
32,Chicago Bears (CHI),20,14,9,10,0,0,0,17,62.0,3.6,3.4%,2022,dst
