Rank,Player,FG,FGA,PCT,LG,1-19,20-29,30-39,40-49,50+,XPT,XPA,G,FPTS,FPTS/G,ROST,year,position
1,Morten Andersen (FA),22,26,84.6,50,0,0,0,0,0,51,51,14,51.0,3.6,0.0%,2002,k
2,Sebastian Janikowski (FA),26,33,78.8,51,0,0,0,0,0,50,50,16,50.0,3.1,20.0%,2002,k
3,Ryan Longwell (FA),28,34,82.4,49,0,0,0,0,0,44,44,16,44.0,2.8,0.0%,2002,k
4,David Akers (FA),30,34,88.2,51,0,0,0,0,0,43,43,16,44.0,2.8,0.0%,2002,k
5,Jay Feely (FA),32,40,80.0,52,0,0,0,0,0,42,42,16,42.0,2.6,0.0%,2002,k
6,Jason Elam (FA),26,36,72.2,55,0,0,0,0,0,42,43,16,42.0,2.6,0.0%,2002,k
7,Olindo Mare (FA),24,31,77.4,53,0,0,0,0,0,42,42,16,42.0,2.6,0.0%,2002,k
8,Mike Hollis (FA),25,33,75.8,54,0,0,0,0,0,40,40,16,40.0,2.5,0.0%,2002,k
9,Rian Lindell (FA),23,29,79.3,52,0,0,0,0,0,38,38,16,38.0,2.4,0.0%,2002,k
10,Jeff Wilkins (FA),19,25,76.0,47,0,0,0,0,0,37,37,16,37.0,2.3,0.0%,2002,k
11,John Carney (FA),31,35,88.6,48,0,0,0,0,0,37,37,16,37.0,2.3,0.0%,2002,k
12,Joe Nedney (FA),25,31,80.6,53,0,0,0,0,0,36,36,16,36.0,2.3,0.0%,2002,k
13,Adam Vinatieri (FA),27,30,90.0,57,0,0,0,0,0,36,36,16,36.0,2.3,0.2%,2002,k
14,Gary Anderson (FA),18,23,78.3,53,0,0,0,0,0,36,36,14,36.0,2.6,0.0%,2002,k
15,Steve Christie (FA),18,26,69.2,53,0,0,0,0,0,35,35,16,35.0,2.2,0.0%,2002,k
16,John Hall (FA),24,31,77.4,46,0,0,0,0,0,35,35,16,35.0,2.2,0.0%,2002,k
17,Jose Cortez (FA),23,32,71.9,45,0,0,0,0,0,34,34,14,34.0,2.4,0.0%,2002,k
18,Mike Vanderjagt (FA),23,31,74.2,54,0,0,0,0,0,34,34,16,34.0,2.1,0.0%,2002,k
19,Phil Dawson (FA),22,28,78.6,52,0,0,0,0,0,34,35,16,34.0,2.1,0.1%,2002,k
20,Matt Stover (FA),21,25,84.0,51,0,0,0,0,0,33,33,15,33.0,2.2,0.0%,2002,k
21,Martin Gramatica (FA),32,39,82.1,53,0,0,0,0,0,32,32,16,32.0,2.0,0.0%,2002,k
22,Jason Hanson (FA),23,28,82.1,49,0,0,0,0,0,31,31,16,31.0,1.9,0.0%,2002,k
23,Matt Bryant (FA),26,32,81.3,47,0,0,0,0,0,30,32,16,30.0,1.9,1.1%,2002,k
24,Neil Rackers (FA),15,18,83.3,54,0,0,0,0,0,30,31,16,30.0,1.9,0.0%,2002,k
25,Bill Gramatica (FA),15,21,71.4,50,0,0,0,0,0,29,29,16,29.0,1.8,0.0%,2002,k
26,Paul Edinger (FA),22,28,78.6,53,0,0,0,0,0,29,29,16,29.0,1.8,0.0%,2002,k
27,Billy Cundiff (FA),12,19,63.2,48,0,0,0,0,0,25,25,16,25.0,1.6,0.0%,2002,k
28,Todd Peterson (FA),12,21,57.1,46,0,0,0,0,0,25,25,10,25.0,2.5,0.0%,2002,k
29,Shayne Graham (FA),13,18,72.2,50,0,0,0,0,0,21,21,11,21.0,1.9,0.0%,2002,k
30,James Tuthill (FA),10,16,62.5,53,0,0,0,0,0,20,21,12,20.0,1.7,0.0%,2002,k
31,Kris Brown (FA),17,24,70.8,51,0,0,0,0,0,20,20,16,20.0,1.3,0.0%,2002,k
32,Jeff Chandler (FA),8,12,66.7,47,0,0,0,0,0,14,14,6,14.0,2.3,0.0%,2002,k
33,Hayden Epstein (FA),5,9,55.6,34,0,0,0,0,0,13,13,15,13.0,0.9,0.0%,2002,k
34,Tim Seder (FA),8,12,66.7,43,0,0,0,0,0,11,11,5,11.0,2.2,0.0%,2002,k
35,Jeff Reed (FA),17,19,89.5,50,0,0,0,0,0,10,11,6,10.0,1.7,0.0%,2002,k
36,Danny Boyd (FA),5,5,100.0,33,0,0,0,0,0,7,7,4,7.0,1.8,0.0%,2002,k
37,John Kasay (FA),2,5,40.0,27,0,0,0,0,0,5,5,2,5.0,2.5,0.0%,2002,k
38,Doug Brien (FA),5,6,83.3,42,0,0,0,0,0,5,7,6,5.0,0.8,0.0%,2002,k
39,Brett Conway (FA),1,1,100.0,35,0,0,0,0,0,4,4,1,4.0,4.0,0.0%,2002,k
40,Michael Husted (FA),1,1,100.0,38,0,0,0,0,0,3,3,6,3.0,0.5,0.0%,2002,k
41,Jon Hilbert (FA),0,2,0.0,0,0,0,0,0,0,3,3,1,3.0,3.0,0.0%,2002,k
42,Richie Cunningham (FA),1,1,100.0,23,0,0,0,0,0,2,2,1,2.0,2.0,0.0%,2002,k
43,J.R. Jenkins (FA),0,1,0.0,0,0,0,0,0,0,0,0,7,0.0,0.0,0.0%,2002,k
44,Charlie Rogers (FA),0,0,0.0,0,0,0,0,0,0,0,0,16,0.0,0.0,0.0%,2002,k
45,Wade Richey (FA),0,0,0.0,0,0,0,0,0,0,0,0,12,0.0,0.0,0.0%,2002,k
46,Allen Rossum (FA),0,0,0.0,0,0,0,0,0,0,0,0,14,0.0,0.0,0.0%,2002,k
47,Reginald Swinton (FA),0,0,0.0,0,0,0,0,0,0,0,0,12,0.0,0.0,0.0%,2002,k
48,Travis Dorsch (FA),0,0,0.0,0,0,0,0,0,0,0,0,1,0.0,0.0,0.0%,2002,k
49,Jason Baker (FA),0,0,0.0,0,0,0,0,0,0,0,0,13,0.0,0.0,0.0%,2002,k
1,Morten Andersen (FA),16,20,80.0,49,0,0,0,0,0,58,59,16,58.0,3.6,0.0%,2003,k
2,Ryan Longwell (FA),23,26,88.5,50,0,0,0,0,0,51,51,16,51.0,3.2,0.0%,2003,k
3,Aaron Elling (FA),18,25,72.0,51,0,0,0,0,0,48,48,16,48.0,3.0,0.0%,2003,k
4,Josh Brown (FA),22,30,73.3,58,0,0,0,0,0,48,48,16,48.0,3.0,0.0%,2003,k
5,Jeff Wilkins (FA),39,42,92.9,53,0,0,0,0,0,46,46,16,46.7,2.9,0.0%,2003,k
6,Mike Vanderjagt (FA),37,37,100.0,50,0,0,0,0,0,46,46,16,46.0,2.9,0.0%,2003,k
7,Gary Anderson (FA),27,31,87.1,43,0,0,0,0,0,42,42,15,42.0,2.8,0.0%,2003,k
8,David Akers (FA),24,29,82.8,57,0,0,0,0,0,42,42,16,42.0,2.6,0.0%,2003,k
9,Shayne Graham (FA),22,25,88.0,48,0,0,0,0,0,40,40,16,40.0,2.5,0.0%,2003,k
10,Jason Elam (FA),27,31,87.1,51,0,0,0,0,0,39,39,16,39.0,2.4,0.0%,2003,k
11,Adam Vinatieri (FA),25,34,73.5,48,0,0,0,0,0,37,37,16,37.0,2.3,0.2%,2003,k
12,John Carney (FA),22,30,73.3,50,0,0,0,0,0,36,37,16,36.3,2.3,0.0%,2003,k
13,Steve Christie (FA),15,20,75.0,51,0,0,0,0,0,36,36,16,36.0,2.3,0.0%,2003,k
14,Matt Stover (FA),33,38,86.8,49,0,0,0,0,0,35,35,16,35.0,2.2,0.0%,2003,k
15,Olindo Mare (FA),22,29,75.9,52,0,0,0,0,0,33,33,16,33.0,2.1,0.0%,2003,k
16,Martin Gramatica (FA),16,26,61.5,50,0,0,0,0,0,33,33,16,33.0,2.1,0.0%,2003,k
17,Jay Feely (FA),19,27,70.4,46,0,0,0,0,0,32,32,16,32.0,2.0,0.0%,2003,k
18,Jeff Reed (FA),23,32,71.9,51,0,0,0,0,0,31,32,16,31.0,1.9,0.0%,2003,k
19,Billy Cundiff (FA),23,29,79.3,52,0,0,0,0,0,30,30,15,30.0,2.0,0.0%,2003,k
20,Seth Marler (FA),20,33,60.6,53,0,0,0,0,0,30,30,16,30.0,1.9,0.0%,2003,k
21,John Kasay (FA),32,38,84.2,53,0,0,0,0,0,29,30,16,29.0,1.8,0.0%,2003,k
22,Sebastian Janikowski (FA),22,25,88.0,55,0,0,0,0,0,28,29,16,28.0,1.8,20.0%,2003,k
23,Paul Edinger (FA),26,36,72.2,54,0,0,0,0,0,27,27,16,27.0,1.7,0.0%,2003,k
24,Kris Brown (FA),18,22,81.8,50,0,0,0,0,0,27,27,16,27.0,1.7,0.0%,2003,k
25,John Hall (FA),25,33,75.8,54,0,0,0,0,0,26,26,16,26.0,1.6,0.0%,2003,k
26,Jason Hanson (FA),22,23,95.7,54,0,0,0,0,0,26,27,16,26.0,1.6,0.0%,2003,k
27,Rian Lindell (FA),17,24,70.8,44,0,0,0,0,0,24,24,16,24.0,1.5,0.0%,2003,k
28,Doug Brien (FA),27,32,84.4,48,0,0,0,0,0,24,24,16,24.0,1.5,0.0%,2003,k
29,Todd Peterson (FA),12,15,80.0,48,0,0,0,0,0,22,22,8,22.0,2.8,0.0%,2003,k
30,Phil Dawson (FA),18,21,85.7,52,0,0,0,0,0,20,20,13,21.4,1.6,0.1%,2003,k
31,Matt Bryant (FA),11,14,78.6,47,0,0,0,0,0,17,17,11,17.0,1.5,1.1%,2003,k
32,Owen Pochman (FA),8,15,53.3,48,0,0,0,0,0,9,10,6,9.0,1.5,0.0%,2003,k
33,Brett Conway (FA),14,19,73.7,48,0,0,0,0,0,9,9,8,9.0,1.1,0.0%,2003,k
34,Neil Rackers (FA),9,12,75.0,49,0,0,0,0,0,8,8,7,8.0,1.1,0.0%,2003,k
35,Jeff Chandler (FA),6,7,85.7,35,0,0,0,0,0,7,8,2,7.0,3.5,0.0%,2003,k
36,Bill Gramatica (FA),3,4,75.0,38,0,0,0,0,0,6,6,4,6.0,1.5,0.0%,2003,k
37,Tim Duncan (FA),6,10,60.0,53,0,0,0,0,0,5,6,5,5.0,1.0,0.0%,2003,k
38,Allen Rossum (FA),0,0,0.0,0,0,0,0,0,0,0,0,16,0.0,0.0,0.0%,2003,k
39,Wade Richey (FA),1,2,50.0,56,0,0,0,0,0,0,0,15,0.0,0.0,0.0%,2003,k
40,Charlie Rogers (FA),0,0,0.0,0,0,0,0,0,0,0,0,11,0.0,0.0,0.0%,2003,k
41,Reginald Swinton (FA),0,0,0.0,0,0,0,0,0,0,0,0,12,0.0,0.0,0.0%,2003,k
42,David Allen (FA),0,0,0.0,0,0,0,0,0,0,0,0,14,0.0,0.0,0.0%,2003,k
43,Joe Nedney (FA),1,1,100.0,50,0,0,0,0,0,0,1,1,0.0,0.0,0.0%,2003,k
44,Jose Cortez (FA),0,0,0.0,0,0,0,0,0,0,0,0,2,0.0,0.0,0.0%,2003,k
45,Jason Baker (FA),0,0,0.0,0,0,0,0,0,0,0,0,16,0.0,0.0,0.0%,2003,k
1,Mike Vanderjagt (FA),20,25,80.0,47,0,0,0,0,0,59,59,15,59.0,3.9,0.0%,2004,k
2,Lawrence Tynes (FA),17,23,73.9,50,0,0,0,0,0,58,60,16,58.0,3.6,0.0%,2004,k
3,Nate Kaeding (FA),20,25,80.0,53,0,0,0,0,0,54,54,16,54.0,3.4,0.0%,2004,k
4,Adam Vinatieri (FA),31,33,93.9,48,0,0,0,0,0,48,48,16,52.2,3.3,0.2%,2004,k
5,Ryan Longwell (FA),24,28,85.7,53,0,0,0,0,0,48,48,16,48.0,3.0,0.0%,2004,k
6,Morten Andersen (FA),18,22,81.8,48,0,0,0,0,0,45,45,16,45.0,2.8,0.0%,2004,k
7,Rian Lindell (FA),24,28,85.7,43,0,0,0,0,0,45,45,16,45.0,2.8,0.0%,2004,k
8,Jason Elam (FA),29,34,85.3,52,0,0,0,0,0,42,42,16,42.0,2.6,0.0%,2004,k
9,Shayne Graham (FA),27,31,87.1,53,0,0,0,0,0,41,41,16,41.0,2.6,0.0%,2004,k
10,David Akers (FA),27,32,84.4,51,0,0,0,0,0,41,41,16,41.0,2.6,0.0%,2004,k
11,Jeff Reed (FA),28,33,84.8,51,0,0,0,0,0,40,40,16,40.0,2.5,0.0%,2004,k
12,Josh Brown (FA),23,25,92.0,54,0,0,0,0,0,40,40,16,40.0,2.5,0.0%,2004,k
13,Jay Feely (FA),18,23,78.3,47,0,0,0,0,0,40,40,16,39.8,2.5,0.0%,2004,k
14,John Carney (FA),22,27,81.5,53,0,0,0,0,0,38,38,16,38.0,2.4,0.0%,2004,k
15,Gary Anderson (FA),17,22,77.3,45,0,0,0,0,0,37,37,15,37.0,2.5,0.0%,2004,k
16,Kris Brown (FA),17,24,70.8,50,0,0,0,0,0,34,34,16,34.0,2.1,0.0%,2004,k
17,Doug Brien (FA),24,29,82.8,53,0,0,0,0,0,33,34,16,33.0,2.1,0.0%,2004,k
18,Steve Christie (FA),22,28,78.6,53,0,0,0,0,0,33,33,16,33.0,2.1,0.0%,2004,k
19,Jeff Wilkins (FA),19,24,79.2,53,0,0,0,0,0,32,32,16,31.5,2.0,0.0%,2004,k
20,Sebastian Janikowski (FA),25,28,89.3,52,0,0,0,0,0,31,31,16,31.0,1.9,20.0%,2004,k
21,Billy Cundiff (FA),20,26,76.9,49,0,0,0,0,0,31,31,16,31.0,1.9,0.0%,2004,k
22,Matt Stover (FA),29,32,90.6,50,0,0,0,0,0,30,30,16,30.0,1.9,0.0%,2004,k
23,Phil Dawson (FA),24,29,82.8,50,0,0,0,0,0,28,28,16,28.0,1.8,0.1%,2004,k
24,Jason Hanson (FA),24,28,85.7,48,0,0,0,0,0,28,28,16,28.0,1.8,0.0%,2004,k
25,Neil Rackers (FA),22,29,75.9,55,0,0,0,0,0,28,28,16,28.0,1.8,0.0%,2004,k
26,John Kasay (FA),19,22,86.4,54,0,0,0,0,0,27,28,14,27.0,1.9,0.0%,2004,k
27,Todd Peterson (FA),18,22,81.8,51,0,0,0,0,0,23,23,16,23.0,1.4,0.0%,2004,k
28,Josh Scobee (FA),24,31,77.4,53,0,0,0,0,0,21,21,16,21.0,1.3,0.0%,2004,k
29,Martin Gramatica (FA),11,19,57.9,53,0,0,0,0,0,21,22,15,21.0,1.4,0.0%,2004,k
30,Paul Edinger (FA),15,24,62.5,53,0,0,0,0,0,22,22,16,20.0,1.3,0.0%,2004,k
31,Olindo Mare (FA),12,16,75.0,51,0,0,0,0,0,18,18,11,18.0,1.6,0.0%,2004,k
32,Jeff Chandler (FA),5,8,62.5,49,0,0,0,0,0,14,14,5,14.0,2.8,0.0%,2004,k
33,John Hall (FA),8,11,72.7,46,0,0,0,0,0,13,13,8,13.0,1.6,0.0%,2004,k
34,Matt Bryant (FA),3,4,75.0,47,0,0,0,0,0,12,12,4,12.0,3.0,1.1%,2004,k
35,Jay Taylor (FA),4,5,80.0,50,0,0,0,0,0,11,11,5,11.0,2.2,0.0%,2004,k
36,Ola Kimrin (FA),6,10,60.0,41,0,0,0,0,0,6,6,5,6.0,1.2,0.0%,2004,k
37,Aaron Elling (FA),1,2,50.0,22,0,0,0,0,0,2,2,8,2.0,0.3,0.0%,2004,k
38,Derrick Frost (FA),0,0,0.0,0,0,0,0,0,0,0,0,16,0.1,0.0,0.0%,2004,k
39,Wade Richey (FA),0,0,0.0,0,0,0,0,0,0,0,0,12,0.0,0.0,0.0%,2004,k
40,Allen Rossum (FA),0,0,0.0,0,0,0,0,0,0,0,0,16,0.0,0.0,0.0%,2004,k
41,Bill Gramatica (FA),3,3,100.0,30,0,0,0,0,0,0,1,1,0.0,0.0,0.0%,2004,k
42,Nick Murphy (FA),0,0,0.0,0,0,0,0,0,0,0,0,5,0.0,0.0,0.0%,2004,k
43,Reginald Swinton (FA),0,0,0.0,0,0,0,0,0,0,0,0,12,0.0,0.0,0.0%,2004,k
44,David Allen (FA),0,0,0.0,0,0,0,0,0,0,0,0,5,0.0,0.0,0.0%,2004,k
45,B.J. Sams (FA),0,0,0.0,0,0,0,0,0,0,0,0,16,0.0,0.0,0.0%,2004,k
46,J.R. Reed (FA),0,0,0.0,0,0,0,0,0,0,0,0,14,0.0,0.0,0.0%,2004,k
47,Jose Cortez (FA),0,0,0.0,0,0,0,0,0,0,0,0,8,0.0,0.0,0.0%,2004,k
48,Jason Baker (FA),0,0,0.0,0,0,0,0,0,0,0,0,10,0.0,0.0,0.0%,2004,k
1,Josh Brown (FA),18,25,72.0,55,0,0,0,0,0,56,56,16,56.0,3.5,0.0%,2005,k
2,Mike Vanderjagt (FA),23,25,92.0,48,0,0,0,0,0,52,52,16,52.0,3.3,0.0%,2005,k
3,Nate Kaeding (FA),21,24,87.5,49,0,0,0,0,0,49,49,16,49.0,3.1,0.0%,2005,k
4,Shayne Graham (FA),28,32,87.5,49,0,0,0,0,0,47,47,16,47.0,2.9,0.0%,2005,k
5,Jeff Reed (FA),24,29,82.8,44,0,0,0,0,0,45,45,16,45.0,2.8,0.0%,2005,k
6,Lawrence Tynes (FA),27,33,81.8,52,0,0,0,0,0,44,45,16,44.0,2.8,0.0%,2005,k
7,Jay Feely (FA),35,42,83.3,52,0,0,0,0,0,43,43,16,43.0,2.7,0.0%,2005,k
8,John Kasay (FA),26,34,76.5,52,0,0,0,0,0,43,43,16,43.0,2.7,0.0%,2005,k
9,Jason Elam (FA),24,32,75.0,51,0,0,0,0,0,43,44,16,43.0,2.7,0.0%,2005,k
10,Adam Vinatieri (FA),20,25,80.0,49,0,0,0,0,0,40,40,16,40.0,2.5,0.2%,2005,k
11,Josh Scobee (FA),23,30,76.7,53,0,0,0,0,0,38,39,16,38.0,2.4,0.0%,2005,k
12,Jeff Wilkins (FA),27,31,87.1,53,0,0,0,0,0,36,36,16,35.6,2.2,0.0%,2005,k
13,Todd Peterson (FA),23,25,92.0,43,0,0,0,0,0,35,35,16,35.0,2.2,0.0%,2005,k
14,Olindo Mare (FA),25,30,83.3,53,0,0,0,0,0,33,33,15,33.0,2.2,0.0%,2005,k
15,Paul Edinger (FA),25,34,73.5,56,0,0,0,0,0,31,31,15,31.0,2.1,0.0%,2005,k
16,Matt Bryant (FA),21,25,84.0,50,0,0,0,0,0,31,31,15,31.0,2.1,1.1%,2005,k
17,Rob Bironas (FA),23,29,79.3,53,0,0,0,0,0,30,32,16,30.0,1.9,0.0%,2005,k
18,Sebastian Janikowski (FA),20,30,66.7,49,0,0,0,0,0,30,30,16,30.0,1.9,20.0%,2005,k
19,Ryan Longwell (FA),20,27,74.1,53,0,0,0,0,0,30,31,16,30.0,1.9,0.0%,2005,k
20,Jason Hanson (FA),19,24,79.2,52,0,0,0,0,0,27,27,15,27.0,1.8,0.0%,2005,k
21,John Hall (FA),12,14,85.7,45,0,0,0,0,0,27,27,10,27.0,2.7,0.0%,2005,k
22,Rian Lindell (FA),29,35,82.9,53,0,0,0,0,0,26,26,16,26.0,1.6,0.0%,2005,k
23,Kris Brown (FA),26,34,76.5,53,0,0,0,0,0,24,24,16,24.4,1.5,0.0%,2005,k
24,Mike Nugent (FA),22,28,78.6,49,0,0,0,0,0,24,24,16,24.0,1.5,1.0%,2005,k
25,David Akers (FA),16,22,72.7,50,0,0,0,0,0,23,23,12,23.0,1.9,0.0%,2005,k
26,Matt Stover (FA),30,34,88.2,49,0,0,0,0,0,23,23,16,23.0,1.4,0.0%,2005,k
27,John Carney (FA),25,32,78.1,49,0,0,0,0,0,22,22,16,22.0,1.4,0.0%,2005,k
28,Neil Rackers (FA),40,42,95.2,54,0,0,0,0,0,20,20,15,20.0,1.3,0.0%,2005,k
29,Robbie Gould (FA),21,27,77.8,45,0,0,0,0,0,19,20,13,19.0,1.5,9.8%,2005,k
30,Phil Dawson (FA),27,29,93.1,44,0,0,0,0,0,19,20,16,19.0,1.2,0.1%,2005,k
31,Joe Nedney (FA),26,28,92.9,56,0,0,0,0,0,19,19,15,19.0,1.3,0.0%,2005,k
32,Jose Cortez (FA),12,17,70.6,45,0,0,0,0,0,18,19,9,18.0,2.0,0.0%,2005,k
33,Nick Novak (FA),8,10,80.0,40,0,0,0,0,0,15,15,8,15.0,1.9,0.1%,2005,k
34,Billy Cundiff (FA),5,8,62.5,56,0,0,0,0,0,14,14,6,14.0,2.3,0.0%,2005,k
35,Shaun Suisham (FA),3,4,75.0,22,0,0,0,0,0,8,8,3,8.0,2.7,0.0%,2005,k
36,Doug Brien (FA),1,4,25.0,48,0,0,0,0,0,7,7,3,7.0,2.3,0.0%,2005,k
37,Todd France (FA),7,9,77.8,44,0,0,0,0,0,6,6,4,6.0,1.5,0.0%,2005,k
38,Allen Rossum (FA),0,0,0.0,0,0,0,0,0,0,0,0,10,0.0,0.0,0.0%,2005,k
39,Reginald Swinton (FA),0,0,0.0,0,0,0,0,0,0,0,0,15,0.0,0.0,0.0%,2005,k
40,Aaron Elling (FA),0,1,0.0,0,0,0,0,0,0,0,0,3,0.0,0.0,0.0%,2005,k
41,David Allen (FA),0,0,0.0,0,0,0,0,0,0,0,0,4,0.0,0.0,0.0%,2005,k
42,Derrick Frost (FA),0,0,0.0,0,0,0,0,0,0,0,0,14,0.0,0.0,0.0%,2005,k
43,B.J. Sams (FA),0,0,0.0,0,0,0,0,0,0,0,0,14,0.0,0.0,0.0%,2005,k
44,Nick Murphy (FA),0,0,0.0,0,0,0,0,0,0,0,0,1,0.0,0.0,0.0%,2005,k
45,Dave Rayner (FA),0,1,0.0,0,0,0,0,0,0,0,0,3,0.0,0.0,0.0%,2005,k
46,Remy Hamilton (FA),0,0,0.0,0,0,0,0,0,0,0,0,1,0.0,0.0,0.0%,2005,k
47,Jason Baker (FA),0,0,0.0,0,0,0,0,0,0,0,0,16,0.0,0.0,0.0%,2005,k
1,Nate Kaeding (FA),26,29,89.7,54,0,0,0,0,0,58,58,16,58.0,3.6,0.0%,2006,k
2,David Akers (FA),18,23,78.3,47,0,0,0,0,0,48,48,16,48.4,3.0,0.0%,2006,k
3,Robbie Gould (FA),32,36,88.9,49,0,0,0,0,0,47,47,16,47.0,2.9,9.8%,2006,k
4,John Carney (FA),23,25,92.0,51,0,0,0,0,0,46,46,16,46.0,2.9,0.0%,2006,k
5,Stephen Gostkowski (FA),20,26,76.9,52,0,0,0,0,0,43,43,16,43.0,2.7,0.1%,2006,k
6,Josh Scobee (FA),26,32,81.3,48,0,0,0,0,0,41,41,16,41.0,2.6,0.0%,2006,k
7,Jeff Reed (FA),20,27,74.1,50,0,0,0,0,0,41,41,16,41.0,2.6,0.0%,2006,k
8,Shayne Graham (FA),25,30,83.3,51,0,0,0,0,0,40,41,16,40.0,2.5,0.0%,2006,k
9,Adam Vinatieri (FA),25,28,89.3,48,0,0,0,0,0,38,38,13,38.0,2.9,0.2%,2006,k
10,Jay Feely (FA),23,27,85.2,47,0,0,0,0,0,38,38,16,38.0,2.4,0.0%,2006,k
11,Matt Stover (FA),28,30,93.3,52,0,0,0,0,0,37,37,16,37.0,2.3,0.0%,2006,k
12,Josh Brown (FA),25,31,80.6,54,0,0,0,0,0,36,36,16,36.0,2.3,0.0%,2006,k
13,Lawrence Tynes (FA),24,31,77.4,53,0,0,0,0,0,35,36,16,35.0,2.2,0.0%,2006,k
14,Jeff Wilkins (FA),32,37,86.5,53,0,0,0,0,0,35,35,16,35.0,2.2,0.0%,2006,k
15,Jason Elam (FA),27,29,93.1,51,0,0,0,0,0,34,34,16,34.2,2.1,0.0%,2006,k
16,Mike Nugent (FA),24,27,88.9,54,0,0,0,0,0,34,35,16,34.0,2.1,1.0%,2006,k
17,Rian Lindell (FA),23,25,92.0,53,0,0,0,0,0,33,33,16,33.0,2.1,0.0%,2006,k
18,Mike Vanderjagt (FA),13,18,72.2,50,0,0,0,0,0,33,33,10,33.0,3.3,0.0%,2006,k
19,Neil Rackers (FA),28,37,75.7,50,0,0,0,0,0,32,32,16,32.0,2.0,0.0%,2006,k
20,Rob Bironas (FA),22,28,78.6,60,0,0,0,0,0,32,32,16,32.0,2.0,0.0%,2006,k
21,Ryan Longwell (FA),21,25,84.0,49,0,0,0,0,0,27,27,16,31.6,2.0,0.0%,2006,k
22,Dave Rayner (FA),26,35,74.3,54,0,0,0,0,0,31,32,16,31.0,1.9,0.0%,2006,k
23,Jason Hanson (FA),29,33,87.9,53,0,0,0,0,0,30,30,16,30.0,1.9,0.0%,2006,k
24,Joe Nedney (FA),29,35,82.9,51,0,0,0,0,0,29,29,16,29.0,1.8,0.0%,2006,k
25,John Kasay (FA),24,27,88.9,54,0,0,0,0,0,28,28,16,28.0,1.8,0.0%,2006,k
26,Morten Andersen (FA),20,23,87.0,45,0,0,0,0,0,27,27,14,27.0,1.9,0.0%,2006,k
27,Kris Brown (FA),19,25,76.0,49,0,0,0,0,0,26,26,16,26.0,1.6,0.0%,2006,k
28,Phil Dawson (FA),21,29,72.4,51,0,0,0,0,0,25,25,16,25.0,1.6,0.1%,2006,k
29,Martin Gramatica (FA),7,9,77.8,48,0,0,0,0,0,23,23,8,23.0,2.9,0.0%,2006,k
30,Matt Bryant (FA),17,22,77.3,62,0,0,0,0,0,22,22,16,22.0,1.4,1.1%,2006,k
31,Olindo Mare (FA),26,36,72.2,52,0,0,0,0,0,22,22,16,22.0,1.4,0.0%,2006,k
32,Sebastian Janikowski (FA),18,25,72.0,55,0,0,0,0,0,16,16,16,16.0,1.0,20.0%,2006,k
33,Shaun Suisham (FA),9,11,81.8,52,0,0,0,0,0,14,14,8,14.0,1.8,0.0%,2006,k
34,Nick Novak (FA),5,10,50.0,47,0,0,0,0,0,10,10,6,10.0,1.7,0.1%,2006,k
35,John Hall (FA),9,11,81.8,46,0,0,0,0,0,9,9,5,9.0,1.8,0.0%,2006,k
36,Allen Rossum (FA),0,0,0.0,0,0,0,0,0,0,0,0,16,0.0,0.0,0.0%,2006,k
37,Derrick Frost (FA),0,0,0.0,0,0,0,0,0,0,0,0,16,0.0,0.0,0.0%,2006,k
38,B.J. Sams (FA),0,0,0.0,0,0,0,0,0,0,0,0,12,0.0,0.0,0.0%,2006,k
39,J.R. Reed (FA),0,0,0.0,0,0,0,0,0,0,0,0,6,0.0,0.0,0.0%,2006,k
40,Billy Cundiff (FA),0,1,0.0,0,0,0,0,0,0,0,0,5,0.0,0.0,0.0%,2006,k
41,Jason Baker (FA),0,0,0.0,0,0,0,0,0,0,0,0,16,0.0,0.0,0.0%,2006,k
1,Stephen Gostkowski (FA),21,24,87.5,45,0,0,0,0,0,46,46,16,46.0,2.9,0.1%,2007,k
2,Nick Folk (NE),26,31,83.9,53,0,0,0,0,0,31,31,16,31.0,1.9,24.3%,2007,k
3,Jeff Reed (FA),11,12,91.7,49,0,0,0,0,0,27,27,8,27.0,3.4,0.0%,2007,k
4,Adam Vinatieri (FA),23,29,79.3,39,0,0,0,0,0,26,26,16,26.0,1.6,0.2%,2007,k
5,Phil Dawson (FA),26,30,86.7,51,0,0,0,0,0,24,25,16,24.0,1.5,0.1%,2007,k
6,Nate Kaeding (FA),24,27,88.9,51,0,0,0,0,0,24,24,16,24.0,1.5,0.0%,2007,k
7,Olindo Mare (FA),6,12,50.0,46,0,0,0,0,0,21,21,8,21.0,2.6,0.0%,2007,k
8,Jason Hanson (FA),16,20,80.0,53,0,0,0,0,0,20,20,8,20.0,2.5,0.0%,2007,k
9,Shayne Graham (FA),31,34,91.2,48,0,0,0,0,0,20,20,16,20.0,1.3,0.0%,2007,k
10,Mason Crosby (FA),31,39,79.5,53,0,0,0,0,0,20,20,16,20.0,1.3,0.6%,2007,k
11,Lawrence Tynes (FA),23,27,85.2,48,0,0,0,0,0,20,22,16,20.0,1.3,0.0%,2007,k
12,Kris Brown (FA),18,20,90.0,57,0,0,0,0,0,19,19,9,19.0,2.1,0.0%,2007,k
13,Ryan Longwell (FA),11,14,78.6,55,0,0,0,0,0,19,19,8,19.0,2.4,0.0%,2007,k
14,Josh Brown (FA),28,34,82.4,54,0,0,0,0,0,17,17,16,17.0,1.1,0.0%,2007,k
15,Jay Feely (FA),21,23,91.3,53,0,0,0,0,0,17,17,16,17.0,1.1,0.0%,2007,k
16,Matt Bryant (FA),28,33,84.8,49,0,0,0,0,0,17,17,16,17.0,1.1,1.1%,2007,k
17,Sebastian Janikowski (FA),23,32,71.9,54,0,0,0,0,0,16,16,16,16.0,1.0,20.0%,2007,k
18,Neil Rackers (FA),11,16,68.8,52,0,0,0,0,0,16,16,8,16.0,2.0,0.0%,2007,k
19,John Carney (FA),9,11,81.8,41,0,0,0,0,0,16,16,7,16.0,2.3,0.0%,2007,k
20,Mike Nugent (FA),29,36,80.6,50,0,0,0,0,0,16,16,16,16.0,1.0,1.0%,2007,k
21,Rob Bironas (FA),35,39,89.7,56,0,0,0,0,0,15,15,16,15.0,0.9,0.0%,2007,k
22,Robbie Gould (FA),31,36,86.1,49,0,0,0,0,0,15,15,16,15.0,0.9,9.8%,2007,k
23,David Akers (FA),24,32,75.0,53,0,0,0,0,0,15,15,16,15.0,0.9,0.0%,2007,k
24,Shaun Suisham (FA),29,35,82.9,50,0,0,0,0,0,14,14,16,14.0,0.9,0.0%,2007,k
25,John Kasay (FA),11,14,78.6,52,0,0,0,0,0,14,14,8,14.0,1.8,0.0%,2007,k
26,Rian Lindell (FA),24,27,88.9,52,0,0,0,0,0,13,13,16,13.0,0.8,0.0%,2007,k
27,Jason Elam (FA),12,16,75.0,49,0,0,0,0,0,12,12,8,12.0,1.5,0.0%,2007,k
28,Dave Rayner (FA),10,13,76.9,49,0,0,0,0,0,11,11,7,11.0,1.6,0.0%,2007,k
29,Matt Stover (FA),18,21,85.7,49,0,0,0,0,0,11,11,8,11.0,1.4,0.0%,2007,k
30,Morten Andersen (FA),14,17,82.4,47,0,0,0,0,0,9,9,6,9.0,1.5,0.0%,2007,k
31,Joe Nedney (FA),11,12,91.7,50,0,0,0,0,0,9,9,8,9.0,1.1,0.0%,2007,k
32,Jeff Wilkins (FA),14,20,70.0,53,0,0,0,0,0,7,7,8,7.0,0.9,0.0%,2007,k
33,Josh Scobee (FA),12,13,92.3,48,0,0,0,0,0,1,1,8,1.0,0.1,0.0%,2007,k
34,Matt Prater (ARI),1,4,25.0,45,0,0,0,0,0,1,1,4,1.0,0.3,6.7%,2007,k
35,Allen Rossum (FA),0,0,0.0,0,0,0,0,0,0,0,0,8,0.0,0.0,0.0%,2007,k
36,Derrick Frost (FA),0,0,0.0,0,0,0,0,0,0,0,0,8,0.0,0.0,0.0%,2007,k
37,B.J. Sams (FA),0,0,0.0,0,0,0,0,0,0,0,0,1,0.0,0.0,0.0%,2007,k
38,J.R. Reed (FA),0,0,0.0,0,0,0,0,0,0,0,0,7,0.0,0.0,0.0%,2007,k
39,Justin Medlock (FA),1,2,50.0,27,0,0,0,0,0,0,0,1,0.0,0.0,0.0%,2007,k
40,Rhys Lloyd (FA),0,0,0.0,0,0,0,0,0,0,0,0,1,0.0,0.0,0.0%,2007,k
41,Jason Baker (FA),0,0,0.0,0,0,0,0,0,0,0,0,8,0.0,0.0,0.0%,2007,k
1,Adam Vinatieri (FA),20,25,80.0,52,0,0,0,0,0,38,38,16,38.0,2.4,0.2%,2008,k
2,John Kasay (FA),20,23,87.0,50,0,0,0,0,0,38,38,12,38.0,3.2,0.0%,2008,k
3,Stephen Gostkowski (FA),36,40,90.0,50,0,0,0,0,0,36,36,16,36.0,2.3,0.1%,2008,k
4,Ryan Longwell (FA),19,22,86.4,54,0,0,0,0,0,35,35,12,35.0,2.9,0.0%,2008,k
5,Mason Crosby (FA),27,34,79.4,53,0,0,0,0,0,33,33,16,33.0,2.1,0.6%,2008,k
6,Matt Stover (FA),24,28,85.7,47,0,0,0,0,0,33,33,13,33.0,2.5,0.0%,2008,k
7,Neil Rackers (FA),20,21,95.2,54,0,0,0,0,0,33,33,12,33.0,2.8,0.0%,2008,k
8,Jason Elam (FA),20,22,90.9,48,0,0,0,0,0,33,33,12,33.0,2.8,0.0%,2008,k
9,David Akers (FA),33,40,82.5,51,0,0,0,0,0,33,33,16,33.0,2.1,0.0%,2008,k
10,Dan Carpenter (FA),21,25,84.0,50,0,0,0,0,0,32,32,16,32.0,2.0,0.2%,2008,k
11,Kris Brown (FA),24,28,85.7,53,0,0,0,0,0,32,32,13,32.0,2.5,0.0%,2008,k
12,Robbie Gould (FA),26,29,89.7,48,0,0,0,0,0,32,32,16,32.0,2.0,9.8%,2008,k
13,Nate Kaeding (FA),27,32,84.4,57,0,0,0,0,0,32,32,16,32.0,2.0,0.0%,2008,k
14,Jay Feely (FA),24,28,85.7,55,0,0,0,0,0,30,30,15,30.0,2.0,0.0%,2008,k
15,John Carney (FA),26,29,89.7,51,0,0,0,0,0,30,30,12,30.0,2.5,0.0%,2008,k
16,Jeff Reed (FA),20,24,83.3,45,0,0,0,0,0,28,29,12,28.0,2.3,0.0%,2008,k
17,Rob Bironas (FA),29,33,87.9,51,0,0,0,0,0,28,28,16,28.0,1.8,0.0%,2008,k
18,Garrett Hartley (FA),13,13,100.0,47,0,0,0,0,0,28,28,8,28.0,3.5,0.0%,2008,k
19,Nick Folk (NE),20,22,90.9,52,0,0,0,0,0,27,27,16,27.0,1.7,24.3%,2008,k
20,Joe Nedney (FA),19,21,90.5,53,0,0,0,0,0,26,26,12,26.0,2.2,0.0%,2008,k
21,Josh Scobee (FA),19,25,76.0,53,0,0,0,0,0,26,26,16,26.0,1.6,0.0%,2008,k
22,Matt Prater (ARI),25,34,73.5,56,0,0,0,0,0,25,26,16,25.0,1.6,6.7%,2008,k
23,Connor Barth (FA),10,12,83.3,45,0,0,0,0,0,24,24,10,24.0,2.4,0.0%,2008,k
24,Matt Bryant (FA),32,38,84.2,49,0,0,0,0,0,24,24,16,24.0,1.5,1.1%,2008,k
25,Rian Lindell (FA),30,38,78.9,53,0,0,0,0,0,23,23,16,23.0,1.4,0.0%,2008,k
26,Olindo Mare (FA),17,20,85.0,50,0,0,0,0,0,22,22,13,22.0,1.7,0.0%,2008,k
27,Jason Hanson (FA),16,17,94.1,56,0,0,0,0,0,19,19,13,19.0,1.5,0.0%,2008,k
28,Sebastian Janikowski (FA),24,30,80.0,57,0,0,0,0,0,18,18,16,18.0,1.1,20.0%,2008,k
29,Shaun Suisham (FA),26,36,72.2,50,0,0,0,0,0,17,17,16,17.0,1.1,0.0%,2008,k
30,Josh Brown (FA),31,36,86.1,54,0,0,0,0,0,15,15,16,15.0,0.9,0.0%,2008,k
31,Phil Dawson (FA),30,36,83.3,56,0,0,0,0,0,14,14,16,14.0,0.9,0.1%,2008,k
32,Shayne Graham (FA),21,24,87.5,45,0,0,0,0,0,11,11,14,11.0,0.8,0.0%,2008,k
33,Taylor Mehlhaff (FA),3,4,75.0,44,0,0,0,0,0,9,10,3,9.0,3.0,0.0%,2008,k
34,Martin Gramatica (FA),2,4,50.0,53,0,0,0,0,0,3,3,1,3.0,3.0,0.0%,2008,k
35,Lawrence Tynes (FA),1,1,100.0,19,0,0,0,0,0,3,3,2,3.0,1.5,0.0%,2008,k
36,Dave Rayner (FA),1,1,100.0,26,0,0,0,0,0,3,3,2,3.0,1.5,0.0%,2008,k
37,Nick Novak (FA),6,10,60.0,43,0,0,0,0,0,1,1,6,1.0,0.2,0.1%,2008,k
38,Allen Rossum (FA),0,0,0.0,0,0,0,0,0,0,0,0,9,0.0,0.0,0.0%,2008,k
39,Derrick Frost (FA),0,0,0.0,0,0,0,0,0,0,0,0,8,0.0,0.0,0.0%,2008,k
40,Jason Baker (FA),0,0,0.0,0,0,0,0,0,0,0,0,12,0.0,0.0,0.0%,2008,k
41,Mike Nugent (FA),0,1,0.0,0,0,0,0,0,0,0,0,1,0.0,0.0,1.0%,2008,k
42,Rhys Lloyd (FA),0,0,0.0,0,0,0,0,0,0,0,0,12,0.0,0.0,0.0%,2008,k
43,Stephen Hauschka (FA),1,2,50.0,54,0,0,0,0,0,0,0,8,0.0,0.0,0.0%,2008,k
1,Ryan Longwell (FA),26,28,92.9,52,0,0,0,0,0,54,54,16,54.0,3.4,0.0%,2009,k
2,Nate Kaeding (FA),32,35,91.4,55,0,0,0,0,0,50,50,16,50.0,3.1,0.0%,2009,k
3,John Carney (FA),13,17,76.5,46,0,0,0,0,0,50,51,11,50.0,4.5,0.0%,2009,k
4,Mason Crosby (FA),27,36,75.0,52,0,0,0,0,0,48,49,16,48.0,3.0,0.6%,2009,k
5,Stephen Gostkowski (FA),26,31,83.9,53,0,0,0,0,0,47,47,16,47.0,2.9,0.1%,2009,k
6,Lawrence Tynes (FA),27,32,84.4,52,0,0,0,0,0,45,45,16,45.0,2.8,0.0%,2009,k
7,David Akers (FA),32,37,86.5,52,0,0,0,0,0,43,43,16,43.0,2.7,0.0%,2009,k
8,Kris Brown (FA),21,32,65.6,56,0,0,0,0,0,43,44,16,43.0,2.7,0.0%,2009,k
9,Jeff Reed (FA),27,31,87.1,46,0,0,0,0,0,41,41,16,41.0,2.6,0.0%,2009,k
10,Neil Rackers (FA),16,17,94.1,48,0,0,0,0,0,37,37,14,37.0,2.6,0.0%,2009,k
11,Dan Carpenter (FA),25,28,89.3,52,0,0,0,0,0,37,37,16,37.0,2.3,0.2%,2009,k
12,Rob Bironas (FA),27,32,84.4,53,0,0,0,0,0,37,37,16,37.0,2.3,0.0%,2009,k
13,Nick Folk (NE),18,28,64.3,51,0,0,0,0,0,36,36,14,36.0,2.6,24.3%,2009,k
14,Matt Stover (FA),9,11,81.8,43,0,0,0,0,0,33,33,10,33.0,3.3,0.0%,2009,k
15,Robbie Gould (FA),24,28,85.7,52,0,0,0,0,0,33,33,16,33.0,2.1,9.8%,2009,k
16,Joe Nedney (FA),17,21,81.0,51,0,0,0,0,0,33,33,14,33.0,2.4,0.0%,2009,k
17,Jay Feely (FA),30,36,83.3,55,0,0,0,0,0,32,32,16,32.0,2.0,0.0%,2009,k
18,Jason Elam (FA),12,19,63.2,50,0,0,0,0,0,32,33,11,32.0,2.9,0.0%,2009,k
19,Matt Prater (ARI),30,35,85.7,51,0,0,0,0,0,32,32,16,32.0,2.0,6.7%,2009,k
20,John Kasay (FA),22,27,81.5,50,0,0,0,0,0,31,31,16,31.0,1.9,0.0%,2009,k
21,Josh Scobee (FA),18,28,64.3,52,0,0,0,0,0,30,30,16,30.0,1.9,0.0%,2009,k
22,Ryan Succop (FA),25,29,86.2,53,0,0,0,0,0,29,29,16,29.0,1.8,1.1%,2009,k
23,Olindo Mare (FA),24,26,92.3,47,0,0,0,0,0,28,28,16,28.0,1.8,0.0%,2009,k
24,Shayne Graham (FA),23,28,82.1,53,0,0,0,0,0,28,28,16,28.0,1.8,0.0%,2009,k
25,Stephen Hauschka (FA),9,13,69.2,44,0,0,0,0,0,27,27,9,27.0,3.0,0.0%,2009,k
26,Jason Hanson (FA),21,28,75.0,50,0,0,0,0,0,25,25,16,25.0,1.6,0.0%,2009,k
27,Shaun Suisham (FA),20,24,83.3,48,0,0,0,0,0,25,25,14,25.0,1.8,0.0%,2009,k
28,Rian Lindell (FA),28,33,84.8,56,0,0,0,0,0,24,24,16,24.0,1.5,0.0%,2009,k
29,Billy Cundiff (FA),18,23,78.3,46,0,0,0,0,0,23,23,12,23.0,1.9,0.0%,2009,k
30,Josh Brown (FA),19,24,79.2,55,0,0,0,0,0,16,16,16,21.4,1.3,0.0%,2009,k
31,Phil Dawson (FA),17,19,89.5,49,0,0,0,0,0,18,18,11,18.4,1.7,0.1%,2009,k
32,Adam Vinatieri (FA),7,9,77.8,48,0,0,0,0,0,17,17,6,17.0,2.8,0.2%,2009,k
33,Sebastian Janikowski (FA),26,29,89.7,61,0,0,0,0,0,17,17,16,17.0,1.1,20.0%,2009,k
34,Mike Nugent (FA),4,8,50.0,48,0,0,0,0,0,14,14,6,14.0,2.3,1.0%,2009,k
35,Connor Barth (FA),14,19,73.7,54,0,0,0,0,0,12,12,9,12.0,1.3,0.0%,2009,k
36,Matt Bryant (FA),7,10,70.0,51,0,0,0,0,0,10,10,5,10.0,2.0,1.1%,2009,k
37,Garrett Hartley (FA),9,11,81.8,38,0,0,0,0,0,10,11,5,10.0,2.0,0.0%,2009,k
38,Shane Andrus (FA),0,1,0.0,0,0,0,0,0,0,10,10,5,10.0,2.0,0.0%,2009,k
39,Graham Gano (NYG),4,4,100.0,46,0,0,0,0,0,6,6,4,6.0,1.5,60.4%,2009,k
40,Allen Rossum (FA),0,0,0.0,0,0,0,0,0,0,0,0,4,0.0,0.0,0.0%,2009,k
41,Jason Baker (FA),0,0,0.0,0,0,0,0,0,0,0,0,16,0.0,0.0,0.0%,2009,k
42,David Buehler (FA),0,0,0.0,0,0,0,0,0,0,0,0,16,0.0,0.0,0.0%,2009,k
43,Rhys Lloyd (FA),0,0,0.0,0,0,0,0,0,0,0,0,16,0.0,0.0,0.0%,2009,k
1,David Akers (FA),32,38,84.2,50,0,10,10,7,1,47,47,16,140.0,8.8,0.0%,2010,k
2,Sebastian Janikowski (FA),33,41,80.5,59,0,3,9,2,5,43,43,16,112.0,7.0,20.0%,2010,k
3,Matt Bryant (FA),28,31,90.3,51,0,7,7,5,1,44,44,16,111.0,6.9,1.1%,2010,k
4,Mason Crosby (FA),22,28,78.6,56,1,4,4,7,2,46,46,16,111.0,6.9,0.6%,2010,k
5,Josh Brown (FA),33,39,84.6,53,0,9,8,5,2,26,27,16,107.0,6.7,0.0%,2010,k
6,Nate Kaeding (FA),23,28,82.1,50,0,5,6,7,1,40,40,13,106.0,8.2,0.0%,2010,k
7,Nick Folk (NE),30,39,76.9,56,0,7,10,1,2,37,37,16,102.0,6.4,24.3%,2010,k
8,Lawrence Tynes (FA),19,23,82.6,53,0,10,2,3,2,43,43,15,101.0,6.7,0.0%,2010,k
9,Rob Bironas (FA),24,26,92.3,55,0,4,4,7,2,38,38,16,100.0,6.3,0.0%,2010,k
10,Connor Barth (FA),23,28,82.1,53,0,4,7,6,1,36,36,16,98.0,6.1,0.0%,2010,k
11,Graham Gano (NYG),24,35,68.6,49,1,7,4,7,1,28,28,16,97.0,6.1,60.4%,2010,k
12,Jay Feely (FA),24,27,88.9,55,0,5,4,7,1,29,29,16,95.5,6.0,0.0%,2010,k
13,Adam Vinatieri (FA),26,28,92.9,48,0,3,6,4,0,51,51,16,94.0,5.9,0.2%,2010,k
14,Robbie Gould (FA),25,30,83.3,54,0,6,6,2,3,35,35,16,94.0,5.9,9.8%,2010,k
15,David Buehler (FA),24,32,75.0,53,0,4,3,4,3,42,43,16,94.0,5.9,0.0%,2010,k
16,Billy Cundiff (FA),26,29,89.7,49,0,8,4,4,0,39,39,16,91.0,5.7,0.0%,2010,k
17,Josh Scobee (FA),22,28,78.6,59,1,3,2,4,2,41,41,16,85.0,5.3,0.0%,2010,k
18,Ryan Succop (FA),20,26,76.9,53,0,2,2,5,1,42,42,16,79.0,4.9,1.1%,2010,k
19,Dan Carpenter (FA),30,41,73.2,60,1,5,0,6,2,25,25,16,77.0,4.8,0.2%,2010,k
20,Shayne Graham (FA),12,12,100.0,41,0,5,5,1,0,39,41,9,73.0,8.1,0.0%,2010,k
21,Matt Prater (ARI),16,18,88.9,59,0,1,5,4,2,28,29,12,72.0,6.0,6.7%,2010,k
22,Garrett Hartley (FA),20,25,80.0,52,0,2,1,4,1,40,40,14,70.0,5.0,0.0%,2010,k
23,Shaun Suisham (FA),14,15,93.3,48,1,3,2,8,0,19,19,7,69.0,9.9,0.0%,2010,k
24,Rian Lindell (FA),16,21,76.2,51,1,6,4,1,0,31,31,16,68.0,4.3,0.0%,2010,k
25,Phil Dawson (FA),23,28,82.1,48,1,5,6,0,0,28,28,16,64.0,4.0,0.1%,2010,k
26,Stephen Gostkowski (FA),10,13,76.9,43,0,2,3,1,0,26,26,8,45.0,5.6,0.1%,2010,k
27,Neil Rackers (FA),27,30,90.0,57,0,0,0,0,0,43,43,16,43.0,2.7,0.0%,2010,k
28,Mike Nugent (FA),15,19,78.9,54,0,2,2,0,1,17,17,9,34.0,3.8,1.0%,2010,k
29,Jeff Reed (FA),24,32,75.0,53,0,0,0,0,0,32,32,14,32.0,2.3,0.0%,2010,k
30,Olindo Mare (FA),25,30,83.3,51,0,0,0,0,0,31,31,16,31.0,1.9,0.0%,2010,k
31,Ryan Longwell (FA),17,18,94.4,48,0,0,0,0,0,30,30,16,30.0,1.9,0.0%,2010,k
32,Stephen Hauschka (FA),6,7,85.7,46,0,1,2,2,0,10,10,4,27.0,6.8,0.0%,2010,k
33,Jason Hanson (FA),12,14,85.7,52,0,0,0,0,0,19,19,8,19.0,2.4,0.0%,2010,k
34,John Kasay (FA),25,29,86.2,55,0,0,0,0,0,17,17,16,17.0,1.1,0.0%,2010,k
35,Joe Nedney (FA),11,13,84.6,51,0,0,0,0,0,17,17,9,17.0,1.9,0.0%,2010,k
36,Dave Rayner (FA),13,16,81.3,55,0,0,0,0,0,16,16,8,16.0,2.0,0.0%,2010,k
37,Kris Brown (FA),4,5,80.0,36,0,0,0,0,0,8,8,3,8.0,2.7,0.0%,2010,k
38,Aaron Pettrey (FA),2,4,50.0,28,0,0,0,0,0,5,5,2,5.0,2.5,0.0%,2010,k
39,Shane Andrus (FA),2,4,50.0,38,0,0,0,0,0,3,3,2,3.0,1.5,0.0%,2010,k
40,John Carney (FA),5,6,83.3,32,0,0,0,0,0,3,3,2,3.0,1.5,0.0%,2010,k
41,Todd Carter (FA),0,0,0.0,0,0,0,0,0,0,0,0,1,0.0,0.0,0.0%,2010,k
42,Jason Baker (FA),0,0,0.0,0,0,0,0,0,0,0,0,16,0.0,0.0,0.0%,2010,k
43,Rhys Lloyd (FA),0,0,0.0,0,0,0,0,0,0,0,0,15,0.0,0.0,0.0%,2010,k
1,David Akers (FA),44,52,84.6,55,2,16,13,6,7,34,34,16,190.6,11.9,0.0%,2011,k
2,Stephen Gostkowski (FA),28,33,84.8,50,1,12,5,9,1,59,59,16,154.0,9.6,0.1%,2011,k
3,Sebastian Janikowski (FA),31,35,88.6,63,1,8,5,10,7,36,36,15,153.0,10.2,20.0%,2011,k
4,Dan Bailey (FA),32,37,86.5,51,1,8,11,10,2,39,39,16,149.0,9.3,0.0%,2011,k
5,Mason Crosby (FA),24,28,85.7,58,1,4,14,3,2,68,68,16,147.0,9.2,0.6%,2011,k
6,Mike Nugent (FA),33,38,86.8,49,0,14,5,14,0,33,34,16,146.0,9.1,1.0%,2011,k
7,Rob Bironas (FA),29,32,90.6,53,0,5,9,9,6,34,34,16,142.0,8.9,0.0%,2011,k
8,Robbie Gould (FA),28,32,87.5,57,0,10,6,7,5,37,37,16,138.0,8.6,9.8%,2011,k
9,Nick Novak (FA),27,34,79.4,53,0,11,4,8,4,41,41,15,138.0,9.2,0.1%,2011,k
10,Matt Bryant (FA),27,29,93.1,51,2,9,9,5,2,45,45,16,135.0,8.4,1.1%,2011,k
11,Graham Gano (NYG),31,41,75.6,59,0,14,5,8,4,25,25,16,134.0,8.4,60.4%,2011,k
12,Billy Cundiff (FA),28,37,75.7,51,1,9,10,7,1,38,38,15,131.0,8.7,0.0%,2011,k
13,Dan Carpenter (FA),29,34,85.3,58,0,10,6,11,2,26,26,14,128.0,9.1,0.2%,2011,k
14,Alex Henery (FA),24,27,88.9,51,1,9,9,4,1,46,46,16,124.0,7.8,0.0%,2011,k
15,Connor Barth (FA),26,28,92.9,55,0,6,5,13,2,23,23,16,118.0,7.4,0.0%,2011,k
16,Stephen Hauschka (FA),25,30,83.3,52,2,5,10,7,1,34,34,16,118.0,7.4,0.0%,2011,k
17,Phil Dawson (FA),24,29,82.8,54,0,7,3,6,8,20,20,16,114.0,7.1,0.1%,2011,k
18,Nick Folk (NE),19,25,76.0,51,0,5,6,5,3,44,44,16,112.0,7.0,24.3%,2011,k
19,Shaun Suisham (FA),23,31,74.2,51,2,8,7,5,1,36,36,16,112.0,7.0,0.0%,2011,k
20,Josh Scobee (FA),23,25,92.0,55,1,5,5,7,5,24,24,16,110.0,6.9,0.0%,2011,k
21,Lawrence Tynes (FA),19,24,79.2,50,1,11,3,3,1,43,43,16,105.0,6.6,0.0%,2011,k
22,Adam Vinatieri (FA),23,27,85.2,53,0,7,6,8,2,24,24,16,105.0,6.6,0.2%,2011,k
23,Ryan Succop (FA),24,30,80.0,54,1,7,6,7,3,20,20,16,105.0,6.6,1.1%,2011,k
24,Jay Feely (FA),19,24,79.2,51,0,9,4,5,1,33,33,16,97.0,6.1,0.0%,2011,k
25,Matt Prater (ARI),19,25,76.0,59,0,5,8,3,3,30,30,16,96.0,6.0,6.7%,2011,k
26,Josh Brown (FA),21,28,75.0,49,0,7,6,8,0,18,18,16,89.0,5.6,0.0%,2011,k
27,John Kasay (FA),28,34,82.4,53,0,0,0,0,0,63,63,16,63.0,3.9,0.0%,2011,k
28,Rian Lindell (FA),13,15,86.7,49,0,5,2,4,0,25,25,8,62.0,7.8,0.0%,2011,k
29,Jason Hanson (FA),24,29,82.8,51,0,0,0,0,0,54,54,16,54.0,3.4,0.0%,2011,k
30,Olindo Mare (FA),22,28,78.6,45,0,0,0,0,0,44,44,16,44.0,2.8,0.0%,2011,k
31,Neil Rackers (FA),32,38,84.2,54,0,0,0,0,0,39,39,16,39.0,2.4,0.0%,2011,k
32,Ryan Longwell (FA),22,28,78.6,53,0,0,0,0,0,38,39,16,38.0,2.4,0.0%,2011,k
33,Shayne Graham (FA),6,7,85.7,48,0,4,0,2,0,8,8,3,28.0,9.3,0.0%,2011,k
34,Dave Rayner (FA),10,15,66.7,56,0,0,0,0,0,13,13,8,13.0,1.6,0.0%,2011,k
35,Brandon Coutu (FA),0,1,0.0,0,0,0,0,0,0,3,3,1,3.0,3.0,0.0%,2011,k
36,David Buehler (FA),0,0,0.0,0,0,0,0,0,0,0,0,4,0.0,0.0,0.0%,2011,k
37,Nate Kaeding (FA),0,0,0.0,0,0,0,0,0,0,0,0,1,0.0,0.0,0.0%,2011,k
38,Jason Baker (FA),0,0,0.0,0,0,0,0,0,0,0,0,16,0.0,0.0,0.0%,2011,k
1,Blair Walsh (FA),35,38,92.1,56,0,10,8,7,10,36,36,16,168.0,10.5,0.1%,2012,k
2,Stephen Gostkowski (FA),29,35,82.9,53,0,8,10,9,2,66,66,16,166.0,10.4,0.1%,2012,k
3,Matt Bryant (FA),33,38,86.8,55,1,8,10,10,4,44,44,16,161.0,10.1,1.1%,2012,k
4,Lawrence Tynes (FA),33,39,84.6,50,0,11,14,7,1,46,46,16,154.0,9.6,0.0%,2012,k
5,Shayne Graham (FA),31,38,81.6,51,1,9,10,7,4,45,45,16,153.0,9.6,0.0%,2012,k
6,Justin Tucker (BAL),30,33,90.9,56,0,8,8,10,4,42,42,16,150.0,9.4,99.4%,2012,k
7,Connor Barth (FA),28,33,84.8,57,0,7,3,12,6,39,39,15,147.0,9.8,0.0%,2012,k
8,Matt Prater (ARI),26,32,81.3,53,1,7,10,5,3,55,55,16,144.0,9.0,6.7%,2012,k
9,David Akers (FA),29,42,69.0,63,1,8,11,7,2,44,44,16,142.0,8.9,0.0%,2012,k
10,Dan Bailey (FA),29,31,93.5,51,1,5,13,7,3,37,37,16,137.0,8.6,0.0%,2012,k
11,Phil Dawson (FA),29,31,93.5,53,0,8,8,6,7,29,29,16,136.0,8.5,0.1%,2012,k
12,Sebastian Janikowski (FA),31,34,91.2,57,1,9,10,5,6,25,25,16,135.0,8.4,20.0%,2012,k
13,Adam Vinatieri (FA),26,33,78.8,53,1,8,4,9,4,37,37,16,132.0,8.3,0.2%,2012,k
14,Shaun Suisham (FA),28,31,90.3,52,0,7,8,12,1,34,34,16,131.9,8.2,0.0%,2012,k
15,Mason Crosby (FA),21,33,63.6,54,0,5,5,9,2,50,50,16,126.0,7.9,0.6%,2012,k
16,Stephen Hauschka (FA),24,27,88.9,52,1,7,10,5,1,46,46,16,125.0,7.8,0.0%,2012,k
17,Garrett Hartley (FA),18,22,81.8,53,0,9,4,2,3,57,57,16,119.0,7.4,0.0%,2012,k
18,Rob Bironas (FA),25,31,80.6,53,0,6,13,5,1,35,35,16,117.0,7.3,0.0%,2012,k
19,Alex Henery (FA),27,31,87.1,49,0,8,8,11,0,25,26,16,117.0,7.3,0.0%,2012,k
20,Greg Zuerlein (NYJ),23,31,74.2,60,1,4,4,7,7,26,26,16,116.0,7.3,23.5%,2012,k
21,Ryan Succop (FA),28,34,82.4,52,0,4,12,10,2,17,17,16,115.0,7.2,1.1%,2012,k
22,Jay Feely (FA),25,28,89.3,61,0,6,9,8,2,25,25,16,112.0,7.0,0.0%,2012,k
23,Rian Lindell (FA),21,24,87.5,50,1,3,10,6,1,39,39,16,110.0,6.9,0.0%,2012,k
24,Josh Scobee (FA),25,28,89.3,50,1,4,8,11,1,18,18,16,106.0,6.6,0.0%,2012,k
25,Robbie Gould (FA),21,25,84.0,54,0,7,6,6,2,33,33,13,106.0,8.2,9.8%,2012,k
26,Nick Folk (NE),21,27,77.8,54,0,7,6,5,3,30,30,16,104.0,6.5,24.3%,2012,k
27,Dan Carpenter (FA),22,27,81.5,53,0,4,8,8,2,26,26,14,104.0,7.4,0.2%,2012,k
28,Mike Nugent (FA),19,23,82.6,55,2,5,5,6,1,35,35,12,100.0,8.3,1.0%,2012,k
29,Kai Forbath (LAR),17,18,94.4,50,0,3,2,11,1,33,33,11,97.0,8.8,3.0%,2012,k
30,Nick Novak (FA),18,20,90.0,51,1,5,6,4,2,33,33,13,95.0,7.3,0.1%,2012,k
31,Graham Gano (NYG),9,11,81.8,51,0,3,3,2,1,20,21,6,51.0,8.5,60.4%,2012,k
32,Josh Brown (FA),11,12,91.7,52,0,3,4,3,1,8,8,4,46.0,11.5,0.0%,2012,k
33,Billy Cundiff (FA),7,12,58.3,45,0,1,3,3,0,17,17,5,41.0,8.2,0.0%,2012,k
34,Jason Hanson (FA),32,36,88.9,53,0,0,0,0,0,38,38,16,38.0,2.4,0.0%,2012,k
35,Nate Kaeding (FA),8,10,80.0,45,1,3,0,4,0,9,9,5,37.0,7.4,0.0%,2012,k
36,Justin Medlock (FA),7,10,70.0,45,0,0,0,0,0,23,23,10,23.0,2.3,0.0%,2012,k
37,Olindo Mare (FA),6,8,75.0,40,0,0,0,0,0,7,7,3,7.0,2.3,0.0%,2012,k
38,Jonathan Brown (FA),0,0,0.0,0,0,0,0,0,0,0,0,4,0.0,0.0,0.0%,2012,k
39,John Potter (FA),0,0,0.0,0,0,0,0,0,0,0,0,6,0.0,0.0,0.0%,2012,k
1,Stephen Gostkowski (FA),38,41,92.7,54,1,8,13,11,5,44,44,16,179.0,11.2,0.1%,2013,k
2,Matt Prater (ARI),25,26,96.2,64,2,4,5,8,6,75,75,16,170.0,10.6,6.7%,2013,k
3,Justin Tucker (BAL),38,41,92.7,61,0,10,12,10,6,26,26,16,162.0,10.1,99.4%,2013,k
4,Adam Vinatieri (FA),35,40,87.5,52,0,6,10,15,4,34,34,15,162.0,10.8,0.2%,2013,k
5,Stephen Hauschka (FA),33,35,94.3,53,0,10,9,11,3,44,44,16,160.0,10.0,0.0%,2013,k
6,Phil Dawson (FA),32,36,88.9,56,0,12,6,10,4,44,44,16,158.0,9.9,0.1%,2013,k
7,Nick Novak (FA),34,37,91.9,50,1,9,13,9,2,42,42,16,157.0,9.8,0.1%,2013,k
8,Mason Crosby (FA),33,37,89.2,57,1,13,8,6,5,42,42,16,157.0,9.8,0.6%,2013,k
9,Dan Bailey (FA),28,30,93.3,53,2,2,8,10,6,47,47,16,153.0,9.6,0.0%,2013,k
10,Dan Carpenter (FA),33,36,91.7,55,0,13,6,10,4,32,32,16,149.0,9.3,0.2%,2013,k
11,Nick Folk (NE),33,36,91.7,54,0,8,10,12,3,27,27,16,144.0,9.0,24.3%,2013,k
12,Jay Feely (FA),30,36,83.3,52,0,9,7,11,3,37,37,16,144.0,9.0,0.0%,2013,k
13,Shaun Suisham (FA),30,32,93.8,48,0,9,13,8,0,39,39,16,135.8,8.5,0.0%,2013,k
14,Robbie Gould (FA),26,29,89.7,58,0,11,6,6,3,45,45,16,135.0,8.4,9.8%,2013,k
15,Graham Gano (NYG),24,27,88.9,55,0,9,4,5,6,42,42,16,131.0,8.2,60.4%,2013,k
16,Blair Walsh (FA),26,30,86.7,54,0,7,12,5,2,43,44,16,130.0,8.1,0.1%,2013,k
17,Ryan Succop (FA),22,28,78.6,51,0,6,9,6,1,52,52,16,126.0,7.9,1.1%,2013,k
18,Caleb Sturgis (FA),26,34,76.5,54,1,4,10,8,3,33,33,16,125.0,7.8,0.0%,2013,k
19,Rob Bironas (FA),25,29,86.2,55,0,10,8,5,2,41,41,16,125.0,7.8,0.0%,2013,k
20,Alex Henery (FA),23,28,82.1,51,0,8,7,7,1,45,45,16,123.0,7.7,0.0%,2013,k
21,Greg Zuerlein (NYJ),26,28,92.9,54,0,7,10,8,1,34,34,16,122.0,7.6,23.5%,2013,k
22,Matt Bryant (FA),24,27,88.9,53,0,9,7,5,3,39,39,16,122.0,7.6,1.1%,2013,k
23,Mike Nugent (FA),18,22,81.8,54,0,2,6,7,3,52,52,16,119.0,7.4,1.0%,2013,k
24,Garrett Hartley (FA),22,30,73.3,55,2,5,5,9,1,41,41,14,118.0,8.4,0.0%,2013,k
25,Randy Bullock (FA),26,35,74.3,51,1,7,5,12,1,26,26,16,118.0,7.4,2.0%,2013,k
26,Sebastian Janikowski (FA),21,30,70.0,53,0,6,4,8,3,37,37,16,114.0,7.1,20.0%,2013,k
27,Rian Lindell (FA),23,29,79.3,54,0,3,12,4,4,31,31,16,112.0,7.0,0.0%,2013,k
28,David Akers (FA),19,24,79.2,53,1,5,6,4,3,42,42,16,109.0,6.8,0.0%,2013,k
29,Josh Brown (FA),23,26,88.5,52,0,8,7,7,1,31,31,16,109.0,6.8,0.0%,2013,k
30,Billy Cundiff (FA),21,26,80.8,51,0,7,5,7,2,32,32,16,106.0,6.6,0.0%,2013,k
31,Josh Scobee (FA),23,25,92.0,55,0,3,12,4,4,22,22,16,103.0,6.4,0.0%,2013,k
32,Kai Forbath (LAR),18,22,81.8,50,0,3,10,4,1,26,26,13,86.0,6.6,3.0%,2013,k
33,John Potter (FA),3,4,75.0,43,0,2,0,1,0,7,7,3,17.0,5.7,0.0%,2013,k
34,Shayne Graham (FA),2,2,100.0,40,0,1,0,1,0,7,7,2,14.0,7.0,0.0%,2013,k
35,Jonathan Brown (FA),0,0,0.0,0,0,0,0,0,0,0,0,16,0.0,0.0,0.0%,2013,k
1,Stephen Gostkowski (FA),35,37,94.6,53,1,11,10,12,1,51,51,16,170.0,10.6,0.1%,2014,k
2,Cody Parkey (FA),32,36,88.9,54,0,10,14,4,4,54,54,16,162.0,10.1,0.0%,2014,k
3,Adam Vinatieri (FA),30,31,96.8,53,0,10,10,7,3,50,50,16,153.0,9.6,0.2%,2014,k
4,Dan Carpenter (FA),34,38,89.5,58,0,9,12,7,6,31,32,16,152.0,9.5,0.2%,2014,k
5,Matt Bryant (FA),29,32,90.6,54,0,10,4,8,7,40,40,16,149.0,9.3,1.1%,2014,k
6,Dan Bailey (FA),25,29,86.2,56,0,6,6,8,5,56,56,16,149.0,9.3,0.0%,2014,k
7,Stephen Hauschka (FA),31,37,83.8,58,0,10,10,9,2,41,41,16,147.0,9.2,0.0%,2014,k
8,Mason Crosby (FA),27,33,81.8,55,0,7,11,5,4,53,53,16,147.0,9.2,0.6%,2014,k
9,Randy Bullock (FA),30,35,85.7,55,0,6,13,7,4,40,40,16,145.0,9.1,2.0%,2014,k
10,Shaun Suisham (FA),29,32,90.6,53,0,12,6,10,1,45,45,16,144.0,9.0,0.0%,2014,k
11,Justin Tucker (BAL),29,34,85.3,55,0,10,11,4,4,42,42,16,141.0,8.8,99.4%,2014,k
12,Caleb Sturgis (FA),29,37,78.4,53,1,12,7,6,3,41,41,16,140.0,8.8,0.0%,2014,k
13,Nick Folk (NE),32,39,82.1,55,0,13,7,9,3,23,23,16,134.0,8.4,24.3%,2014,k
14,Graham Gano (NYG),29,35,82.9,53,0,7,12,9,1,34,34,16,132.0,8.3,60.4%,2014,k
15,Josh Brown (FA),24,26,92.3,53,1,6,9,4,4,44,44,16,128.0,8.0,0.0%,2014,k
16,Chandler Catanzaro (FA),29,33,87.9,51,0,5,12,10,2,27,27,16,128.0,8.0,0.0%,2014,k
17,Mike Nugent (FA),26,33,78.8,49,0,6,10,10,0,39,39,16,127.0,7.9,1.0%,2014,k
18,Phil Dawson (FA),25,31,80.6,55,0,6,8,5,6,33,33,16,125.0,7.8,0.1%,2014,k
19,Blair Walsh (FA),26,35,74.3,55,2,4,8,7,5,29,29,16,124.0,7.8,0.1%,2014,k
20,Cairo Santos (CHI),25,30,83.3,53,1,10,6,7,1,38,38,16,122.0,7.6,13.2%,2014,k
21,Greg Zuerlein (NYJ),24,30,80.0,56,1,6,10,2,5,34,35,16,118.0,7.4,23.5%,2014,k
22,Nick Novak (FA),22,26,84.6,52,1,6,8,4,3,40,40,16,116.0,7.3,0.1%,2014,k
23,Kai Forbath (LAR),24,27,88.9,49,0,11,6,7,0,31,31,16,110.0,6.9,3.0%,2014,k
24,Shayne Graham (FA),19,22,86.4,50,0,6,9,3,1,46,46,16,108.0,6.8,0.0%,2014,k
25,Patrick Murray (FA),20,24,83.3,55,0,2,7,6,5,31,31,16,107.0,6.7,1.0%,2014,k
26,Billy Cundiff (FA),22,29,75.9,52,0,6,10,5,1,28,28,13,101.0,7.8,0.0%,2014,k
27,Sebastian Janikowski (FA),19,22,86.4,57,0,2,5,9,3,28,28,16,100.0,6.3,20.0%,2014,k
28,Matt Prater (ARI),21,26,80.8,52,0,8,4,6,3,21,21,11,96.0,8.7,6.7%,2014,k
29,Josh Scobee (FA),20,26,76.9,53,0,3,7,7,3,23,23,16,96.0,6.0,0.0%,2014,k
30,Ryan Succop (FA),19,22,86.4,51,0,5,7,5,2,27,27,16,93.0,5.8,1.1%,2014,k
31,Brandon McManus (JAC),9,13,69.2,44,0,5,2,2,0,41,41,15,70.0,4.7,14.1%,2014,k
32,Connor Barth (FA),15,16,93.8,50,2,4,5,3,1,15,15,5,65.0,13.0,0.0%,2014,k
33,Robbie Gould (FA),9,12,75.0,45,0,4,2,3,0,28,28,12,58.0,4.8,9.8%,2014,k
34,Jay Feely (FA),3,4,75.0,48,0,1,1,1,0,5,5,4,15.0,3.8,0.0%,2014,k
35,Nate Freese (FA),3,7,42.9,30,0,2,1,0,0,6,6,3,15.0,5.0,0.0%,2014,k
36,Garrett Hartley (FA),3,3,100.0,43,0,0,2,1,0,2,2,2,12.0,6.0,0.0%,2014,k
37,Alex Henery (FA),1,5,20.0,51,0,0,0,0,1,5,5,2,10.0,5.0,0.0%,2014,k
38,Jordan Gay (FA),0,0,0.0,0,0,0,0,0,0,0,0,16,0.0,0.0,0.0%,2014,k
39,Jonathan Brown (FA),0,0,0.0,0,0,0,0,0,0,0,0,16,0.0,0.0,0.0%,2014,k
1,Stephen Gostkowski (FA),33,36,91.7,57,0,6,11,12,4,52,52,16,171.0,10.7,0.1%,2015,k
2,Graham Gano (NYG),30,36,83.3,52,1,10,4,13,2,56,58,16,163.0,10.2,60.4%,2015,k
3,Blair Walsh (FA),34,39,87.2,54,0,9,13,6,6,33,37,16,153.0,9.6,0.1%,2015,k
4,Robbie Gould (FA),33,39,84.6,55,1,8,10,7,7,28,28,16,148.0,9.3,9.8%,2015,k
5,Josh Brown (FA),30,32,93.8,53,1,6,12,8,3,44,45,16,148.0,9.3,0.0%,2015,k
6,Cairo Santos (CHI),30,37,81.1,53,0,7,10,9,4,39,41,16,146.1,9.1,13.2%,2015,k
7,Justin Tucker (BAL),33,40,82.5,52,0,10,9,10,4,29,29,16,146.0,9.1,99.4%,2015,k
8,Stephen Hauschka (FA),29,31,93.5,54,0,9,7,7,6,40,42,16,146.0,9.1,0.0%,2015,k
9,Chandler Catanzaro (FA),28,31,90.3,47,1,12,9,6,0,53,58,16,143.0,8.9,0.0%,2015,k
10,Brandon McManus (JAC),30,35,85.7,57,0,12,8,5,5,35,36,16,140.0,8.8,14.1%,2015,k
11,Dan Bailey (FA),30,32,93.8,54,0,9,10,6,5,25,25,16,131.0,8.2,0.0%,2015,k
12,Mike Nugent (FA),23,28,82.1,52,0,6,5,10,2,48,48,16,131.0,8.2,1.0%,2015,k
13,Chris Boswell (PIT),29,32,90.6,51,1,9,8,9,2,26,27,12,126.0,10.5,11.0%,2015,k
14,Josh Lambo (FA),26,32,81.3,54,0,4,7,11,4,28,31,16,125.0,7.8,0.1%,2015,k
15,Dustin Hopkins (LAC),25,28,89.3,54,0,7,9,7,2,39,40,15,125.0,8.3,1.6%,2015,k
16,Mason Crosby (FA),24,28,85.7,56,1,7,4,8,4,36,36,16,124.0,7.8,0.6%,2015,k
17,Adam Vinatieri (FA),25,27,92.6,55,0,7,6,8,4,32,34,16,123.0,7.7,0.2%,2015,k
18,Jason Myers (SEA),26,30,86.7,58,0,9,8,6,3,32,39,16,122.0,7.6,75.0%,2015,k
19,Matt Prater (ARI),22,24,91.7,59,0,3,8,6,5,36,38,16,118.0,7.4,6.7%,2015,k
20,Dan Carpenter (FA),23,27,85.2,52,0,5,8,7,3,34,40,16,116.0,7.3,0.2%,2015,k
21,Sebastian Janikowski (FA),21,26,80.8,56,0,7,5,5,4,38,39,16,114.0,7.1,20.0%,2015,k
22,Travis Coons (FA),28,32,87.5,47,0,11,10,7,0,22,24,16,113.0,7.1,1.1%,2015,k
23,Phil Dawson (FA),24,27,88.9,54,0,9,6,6,3,20,20,16,104.0,6.5,0.1%,2015,k
24,Connor Barth (FA),23,28,82.1,53,0,9,8,3,3,25,26,12,103.0,8.6,0.0%,2015,k
25,Greg Zuerlein (NYJ),20,30,66.7,61,1,2,9,5,3,26,27,14,97.0,6.9,23.5%,2015,k
26,Caleb Sturgis (FA),18,22,81.8,53,0,4,8,4,2,35,37,13,97.0,7.5,0.0%,2015,k
27,Nick Novak (FA),18,21,85.7,51,0,6,6,4,2,29,31,13,91.0,7.0,0.1%,2015,k
28,Randy Bullock (FA),19,23,82.6,49,1,4,6,8,0,22,25,11,87.0,7.9,2.0%,2015,k
29,Ryan Succop (FA),14,16,87.5,51,0,3,3,7,1,29,30,16,80.0,5.0,1.1%,2015,k
30,Andrew Franks (FA),13,16,81.3,53,1,3,4,4,1,33,36,16,78.0,4.9,0.0%,2015,k
31,Matt Bryant (FA),14,18,77.8,47,1,4,3,6,0,26,26,10,74.0,7.4,1.1%,2015,k
32,Kai Forbath (LAR),10,15,66.7,57,0,2,3,3,2,34,35,11,71.0,6.5,3.0%,2015,k
33,Nick Folk (NE),13,16,81.3,55,0,2,6,3,2,19,19,8,65.0,8.1,24.3%,2015,k
34,Shayne Graham (FA),11,13,84.6,54,0,2,4,2,3,8,8,5,49.0,9.8,0.0%,2015,k
35,Zach Hocker (FA),10,14,71.4,51,0,3,5,1,1,12,12,8,45.0,5.6,0.0%,2015,k
36,Kyle Brindza (FA),6,12,50.0,58,0,1,2,1,2,6,8,4,29.0,7.3,0.0%,2015,k
37,Josh Scobee (FA),6,10,60.0,45,0,2,1,3,0,6,7,4,27.0,6.8,0.0%,2015,k
38,Cody Parkey (FA),3,4,75.0,46,0,1,1,1,0,7,7,3,17.0,5.7,0.0%,2015,k
39,Jordan Gay (FA),0,0,0.0,0,0,0,0,0,0,0,0,14,0.0,0.0,0.0%,2015,k
40,Billy Cundiff (FA),0,0,0.0,0,0,0,0,0,0,0,0,1,0.0,0.0,0.0%,2015,k
41,Jonathan Brown (FA),0,0,0.0,0,0,0,0,0,0,0,0,16,0.0,0.0,0.0%,2015,k
1,Matt Bryant (FA),34,37,91.9,59,0,12,7,9,6,56,57,16,179.0,11.2,1.1%,2016,k
2,Justin Tucker (BAL),38,39,97.4,57,0,4,10,14,10,27,27,16,175.0,10.9,99.4%,2016,k
3,Dustin Hopkins (LAC),34,42,81.0,53,0,12,12,7,3,36,39,16,151.0,9.4,1.6%,2016,k
4,Caleb Sturgis (FA),35,41,85.4,55,0,12,12,7,4,30,31,16,150.0,9.4,0.0%,2016,k
5,Adam Vinatieri (FA),27,31,87.1,54,0,3,7,10,7,44,44,16,149.0,9.3,0.2%,2016,k
6,Matt Prater (ARI),31,36,86.1,58,0,10,4,10,7,31,33,16,148.0,9.3,6.7%,2016,k
7,Wil Lutz (NO),28,34,82.4,57,1,7,9,8,3,49,50,16,147.0,9.2,2.6%,2016,k
8,Graham Gano (NYG),30,38,78.9,54,0,4,9,14,3,31,34,16,141.0,8.8,60.4%,2016,k
9,Nick Novak (FA),35,41,85.4,53,1,12,11,8,3,22,25,16,141.0,8.8,0.1%,2016,k
10,Sebastian Janikowski (FA),29,35,82.9,56,1,9,6,10,3,37,39,16,140.0,8.8,20.0%,2016,k
11,Stephen Gostkowski (FA),27,32,84.4,53,0,9,7,9,2,46,49,16,140.0,8.8,0.1%,2016,k
12,Dan Bailey (FA),27,32,84.4,56,0,9,8,7,3,46,46,16,140.0,8.8,0.0%,2016,k
13,Cairo Santos (CHI),31,35,88.6,54,0,8,15,6,2,36,39,16,139.0,8.7,13.2%,2016,k
14,Stephen Hauschka (FA),33,37,89.2,53,0,11,13,8,1,29,35,16,138.0,8.6,0.0%,2016,k
15,Jason Myers (SEA),27,34,79.4,56,0,7,3,10,7,29,32,16,134.0,8.4,75.0%,2016,k
16,Brandon McManus (JAC),29,34,85.3,55,0,9,10,7,3,32,33,16,132.6,8.3,14.1%,2016,k
17,Mason Crosby (FA),26,30,86.7,53,1,6,13,5,1,44,47,16,129.0,8.1,0.6%,2016,k
18,Josh Lambo (FA),26,32,81.3,47,0,7,13,6,0,42,46,16,126.0,7.9,0.1%,2016,k
19,Ryan Succop (FA),22,24,91.7,53,1,4,6,8,3,39,41,16,119.0,7.4,1.1%,2016,k
20,Chandler Catanzaro (FA),21,28,75.0,60,1,5,6,6,3,43,47,16,118.0,7.4,0.0%,2016,k
21,Nick Folk (NE),27,31,87.1,51,0,12,10,3,2,24,26,16,112.0,7.0,24.3%,2016,k
22,Chris Boswell (PIT),21,25,84.0,49,0,2,8,11,0,36,36,15,110.0,7.3,11.0%,2016,k
23,Dan Carpenter (FA),19,25,76.0,54,1,8,5,4,1,40,45,16,103.0,6.4,0.2%,2016,k
24,Roberto Aguayo (FA),22,31,71.0,43,0,5,13,4,0,32,34,16,102.0,6.4,0.1%,2016,k
25,Mike Nugent (FA),23,29,79.3,47,0,9,9,5,0,23,29,13,97.0,7.5,1.0%,2016,k
26,Phil Dawson (FA),18,21,85.7,53,0,4,6,7,1,33,34,16,96.0,6.0,0.1%,2016,k
27,Andrew Franks (FA),16,21,76.2,55,0,8,6,1,1,41,42,16,92.0,5.8,0.0%,2016,k
28,Connor Barth (FA),18,23,78.3,54,0,7,7,3,1,31,32,16,90.0,5.6,0.0%,2016,k
29,Cody Parkey (FA),20,25,80.0,51,0,6,6,7,1,20,21,14,89.0,6.4,0.0%,2016,k
30,Greg Zuerlein (NYJ),19,22,86.4,54,0,5,9,3,2,23,23,16,87.0,5.4,23.5%,2016,k
31,Kai Forbath (LAR),15,15,100.0,51,0,5,5,4,1,11,14,7,62.0,8.9,3.0%,2016,k
32,Blair Walsh (FA),12,16,75.0,50,1,1,5,4,1,15,19,9,57.0,6.3,0.1%,2016,k
33,Robbie Gould (FA),10,10,100.0,47,0,3,3,4,0,20,23,10,54.0,5.4,9.8%,2016,k
34,Josh Brown (FA),11,12,91.7,48,1,3,3,4,0,9,9,5,46.0,9.2,0.0%,2016,k
35,Randy Bullock (FA),8,9,88.9,44,0,4,2,2,0,9,10,5,35.0,7.0,2.0%,2016,k
36,Patrick Murray (FA),1,2,50.0,35,0,0,1,0,0,3,4,2,6.0,3.0,1.0%,2016,k
37,Michael Palardy (FA),0,0,0.0,0,0,0,0,0,0,0,0,7,0.0,0.0,33.3%,2016,k
38,Jordan Gay (FA),0,0,0.0,0,0,0,0,0,0,0,0,3,0.0,0.0,0.0%,2016,k
39,Jonathan Brown (FA),0,0,0.0,0,0,0,0,0,0,0,0,5,0.0,0.0,0.0%,2016,k
1,Greg Zuerlein (NYJ),38,40,95.0,56,1,8,11,12,6,44,46,14,182.0,13.0,23.5%,2017,k
2,Stephen Gostkowski (FA),37,40,92.5,62,0,16,9,8,4,45,47,16,172.0,10.8,0.1%,2017,k
3,Robbie Gould (FA),39,41,95.1,52,0,7,11,17,4,28,30,16,170.0,10.6,9.8%,2017,k
4,Matt Bryant (FA),34,39,87.2,57,1,6,10,9,8,35,35,16,162.0,10.1,1.1%,2017,k
5,Justin Tucker (BAL),34,37,91.9,57,0,7,11,11,5,39,39,16,162.0,10.1,99.4%,2017,k
6,Wil Lutz (NO),31,36,86.1,53,0,10,4,13,4,47,50,16,161.4,10.1,2.6%,2017,k
7,Harrison Butker (KC),38,42,90.5,53,0,8,16,10,4,28,28,13,160.0,12.3,95.2%,2017,k
8,Chris Boswell (PIT),35,38,92.1,53,0,10,12,9,4,37,39,16,159.0,9.9,11.0%,2017,k
9,Ryan Succop (FA),35,42,83.3,52,0,10,7,16,2,31,33,16,156.0,9.8,1.1%,2017,k
10,Matt Prater (ARI),30,35,85.7,58,2,4,10,7,7,40,41,16,151.0,9.4,6.7%,2017,k
11,Kai Forbath (LAR),32,38,84.2,53,0,8,12,6,6,34,39,16,148.0,9.3,3.0%,2017,k
12,Jake Elliott (PHI),26,31,83.9,61,0,5,4,12,5,39,42,15,139.0,9.3,33.7%,2017,k
13,Phil Dawson (FA),32,40,80.0,57,1,7,10,10,4,23,26,16,137.0,8.6,0.1%,2017,k
14,Stephen Hauschka (FA),29,33,87.9,56,0,6,9,7,7,29,29,16,137.0,8.6,0.0%,2017,k
15,Graham Gano (NYG),29,30,96.7,48,0,8,11,10,0,34,37,16,131.0,8.2,60.4%,2017,k
16,Adam Vinatieri (FA),29,34,85.3,54,0,11,7,6,5,22,24,15,125.0,8.3,0.2%,2017,k
17,Chandler Catanzaro (FA),25,30,83.3,57,1,6,4,12,2,29,29,16,120.0,7.5,0.0%,2017,k
18,Brandon McManus (JAC),24,32,75.0,53,0,6,11,4,3,27,27,16,109.0,6.8,14.1%,2017,k
19,Blair Walsh (FA),21,29,72.4,49,0,6,7,8,0,37,38,16,108.0,6.8,0.1%,2017,k
20,Ka'imi Fairbairn (HOU),20,25,80.0,55,0,3,8,6,3,32,35,16,104.0,6.5,0.8%,2017,k
21,Cody Parkey (FA),21,23,91.3,54,0,6,8,6,1,26,29,16,97.0,6.1,0.0%,2017,k
22,Randy Bullock (FA),18,20,90.0,51,0,6,7,4,1,31,33,15,91.0,6.1,2.0%,2017,k
23,Giorgio Tavecchio (FA),16,21,76.2,53,0,5,5,3,3,33,34,16,90.0,5.6,1.0%,2017,k
24,Josh Lambo (FA),19,20,95.0,56,0,2,11,4,2,22,24,10,87.0,8.7,0.1%,2017,k
25,Patrick Murray (FA),19,23,82.6,50,0,5,8,4,2,21,22,12,86.0,7.2,1.0%,2017,k
26,Mason Crosby (FA),15,19,78.9,50,0,8,2,4,1,33,35,16,84.0,5.3,0.6%,2017,k
27,Aldrick Rosas (FA),18,25,72.0,52,0,8,3,4,3,20,23,16,84.0,5.3,0.0%,2017,k
28,Dan Bailey (FA),15,20,75.0,56,1,3,4,4,3,26,28,12,81.0,6.8,0.0%,2017,k
29,Zane Gonzalez (SF),15,20,75.0,54,0,5,4,4,2,25,26,16,78.0,4.9,3.8%,2017,k
30,Dustin Hopkins (LAC),14,17,82.4,49,1,7,2,4,0,18,19,8,64.0,8.0,1.6%,2017,k
31,Nick Rose (FA),11,14,78.6,55,0,6,3,1,1,23,26,10,59.0,5.9,0.0%,2017,k
32,Connor Barth (FA),11,16,68.8,54,1,4,0,5,1,17,17,10,57.0,5.7,0.0%,2017,k
33,Mike Nugent (FA),11,13,84.6,55,0,3,3,4,1,15,17,8,54.0,6.8,1.0%,2017,k
34,Jason Myers (SEA),11,15,73.3,47,0,4,2,5,0,15,17,6,53.0,8.8,75.0%,2017,k
35,Nick Novak (FA),9,13,69.2,50,0,4,4,0,1,17,18,7,46.0,6.6,0.1%,2017,k
36,Nick Folk (NE),6,11,54.5,50,0,2,1,2,1,7,9,4,29.0,7.3,24.3%,2017,k
37,Travis Coons (FA),7,8,87.5,40,0,4,2,1,0,5,6,3,27.0,9.0,1.1%,2017,k
38,Cairo Santos (CHI),4,5,80.0,39,0,0,4,0,0,14,14,5,26.0,5.2,13.2%,2017,k
39,Younghoe Koo (ATL),3,6,50.0,41,0,2,0,1,0,9,9,4,19.0,4.8,80.6%,2017,k
40,Caleb Sturgis (FA),3,3,100.0,50,0,0,1,1,1,1,2,1,13.0,13.0,0.0%,2017,k
41,Sam Ficken (FA),2,3,66.7,23,0,2,0,0,0,4,5,2,10.0,5.0,0.0%,2017,k
42,Marshall Koehn (FA),0,0,0.0,0,0,0,0,0,0,1,1,1,1.0,1.0,0.0%,2017,k
43,Michael Palardy (FA),0,0,0.0,0,0,0,0,0,0,0,0,16,0.0,0.0,33.3%,2017,k
44,Kasey Redfern (FA),0,0,0.0,0,0,0,0,0,0,0,0,1,0.0,0.0,0.0%,2017,k
1,Ka'imi Fairbairn (HOU),37,42,88.1,54,1,9,11,12,4,39,41,16,170.0,10.6,0.8%,2018,k
2,Justin Tucker (BAL),35,39,89.7,56,0,12,9,9,5,36,37,16,160.0,10.0,99.4%,2018,k
3,Jason Myers (SEA),33,36,91.7,56,0,4,13,10,6,30,33,16,151.0,9.4,75.0%,2018,k
4,Wil Lutz (NO),28,30,93.3,54,1,5,9,11,2,52,53,16,151.0,9.4,2.6%,2018,k
5,Harrison Butker (KC),24,27,88.9,54,0,9,7,6,2,65,69,16,147.0,9.2,95.2%,2018,k
6,Mason Crosby (FA),30,37,81.1,53,0,4,10,11,5,34,36,16,145.0,9.1,0.6%,2018,k
7,Aldrick Rosas (FA),32,33,97.0,57,0,9,13,6,4,31,32,16,141.0,8.8,0.0%,2018,k
8,Robbie Gould (FA),33,34,97.1,53,0,9,13,9,2,27,29,16,139.0,8.7,9.8%,2018,k
9,Brett Maher (FA),29,36,80.6,62,0,10,6,7,6,32,33,16,138.0,8.6,20.4%,2018,k
10,Stephen Gostkowski (FA),27,32,84.4,52,0,11,10,4,2,49,50,16,138.0,8.6,0.1%,2018,k
11,Matt Prater (ARI),28,32,87.5,54,0,8,12,5,3,30,30,16,129.3,8.1,6.7%,2018,k
12,Greg Zuerlein (NYJ),27,31,87.1,56,0,9,10,4,4,35,36,11,128.0,11.6,23.5%,2018,k
13,Sebastian Janikowski (FA),22,27,81.5,56,0,2,9,8,3,48,51,16,128.0,8.0,20.0%,2018,k
14,Adam Vinatieri (FA),23,27,85.2,54,0,8,6,5,4,44,47,16,126.0,7.9,0.2%,2018,k
15,Cody Parkey (FA),23,30,76.7,50,0,6,7,9,1,42,45,16,122.0,7.6,0.0%,2018,k
16,Jake Elliott (PHI),26,31,83.9,56,0,7,10,7,2,33,35,16,122.0,7.6,33.7%,2018,k
17,Dustin Hopkins (LAC),26,29,89.7,56,0,5,7,10,4,25,26,16,121.0,7.6,1.6%,2018,k
18,Ryan Succop (FA),26,30,86.7,54,0,5,13,5,3,28,31,16,117.0,7.3,1.1%,2018,k
19,Matt Bryant (FA),20,21,95.2,57,0,4,5,7,4,33,35,13,108.0,8.3,1.1%,2018,k
20,Randy Bullock (FA),19,23,82.6,51,0,4,7,6,2,39,41,16,106.0,6.6,2.0%,2018,k
21,Brandon McManus (JAC),20,25,80.0,53,0,5,6,7,2,35,35,16,106.0,6.6,14.1%,2018,k
22,Stephen Hauschka (FA),22,28,78.6,54,0,3,8,7,4,25,26,16,106.0,6.6,0.0%,2018,k
23,Dan Bailey (FA),21,28,75.0,52,0,5,11,4,1,30,31,14,99.0,7.1,0.0%,2018,k
24,Jason Sanders (MIA),18,20,90.0,50,0,7,3,7,1,35,36,16,98.0,6.1,17.8%,2018,k
25,Chris Boswell (PIT),13,20,65.0,50,0,3,4,5,1,43,48,15,93.1,6.2,11.0%,2018,k
26,Daniel Carlson (LV),17,21,81.0,50,0,2,3,9,3,24,24,12,90.0,7.5,96.4%,2018,k
27,Josh Lambo (FA),19,21,90.5,57,0,4,8,3,4,19,20,13,87.0,6.7,0.1%,2018,k
28,Chandler Catanzaro (FA),16,20,80.0,59,0,4,9,0,3,30,35,13,84.0,6.5,0.0%,2018,k
29,Greg Joseph (MIN),17,20,85.0,51,0,4,7,5,1,25,29,14,83.0,5.9,7.4%,2018,k
30,Graham Gano (NYG),14,16,87.5,63,0,3,4,4,3,30,33,12,82.0,6.8,60.4%,2018,k
31,Michael Badgley (DET),15,16,93.8,59,0,4,5,5,1,27,28,10,79.0,7.9,25.4%,2018,k
32,Cairo Santos (CHI),14,18,77.8,45,1,4,6,3,0,22,23,9,67.0,7.4,13.2%,2018,k
33,Zane Gonzalez (SF),9,14,64.3,55,0,1,4,2,2,8,11,7,41.0,5.9,3.8%,2018,k
34,Caleb Sturgis (FA),9,13,69.2,49,0,4,2,3,0,9,15,6,39.0,6.5,0.0%,2018,k
35,Matt McCrane (FA),8,12,66.7,47,0,3,2,3,0,9,9,5,36.0,7.2,0.0%,2018,k
36,Phil Dawson (FA),5,8,62.5,43,0,2,2,1,0,15,15,10,31.0,3.1,0.1%,2018,k
37,Giorgio Tavecchio (FA),5,5,100.0,56,0,1,0,2,2,8,8,3,29.0,9.7,1.0%,2018,k
38,Mike Nugent (FA),6,6,100.0,52,0,3,0,2,1,4,5,3,26.0,8.7,1.0%,2018,k
39,Kai Forbath (LAR),4,5,80.0,41,0,2,1,1,0,3,3,3,16.0,5.3,3.0%,2018,k
40,Sam Ficken (FA),1,3,33.3,34,0,0,1,0,0,10,10,2,13.0,6.5,0.0%,2018,k
41,Michael Palardy (FA),0,0,0.0,0,0,0,0,0,0,0,0,16,0.0,0.0,33.3%,2018,k
1,Harrison Butker (KC),34,38,89.5,56,0,9,9,13,3,45,48,16,166.0,10.4,95.2%,2019,k
2,Wil Lutz (NO),32,36,88.9,58,1,9,6,13,3,48,49,16,163.0,10.2,2.6%,2019,k
3,Justin Tucker (BAL),28,29,96.6,51,0,8,9,10,1,57,59,16,153.0,9.6,99.4%,2019,k
4,Matt Gay (IND),27,35,77.1,58,0,6,5,11,5,43,48,16,145.0,9.1,28.8%,2019,k
5,Zane Gonzalez (SF),31,35,88.6,54,0,12,12,5,2,34,35,16,136.0,8.5,3.8%,2019,k
6,Josh Lambo (FA),33,34,97.1,56,0,12,9,8,4,19,20,16,134.0,8.4,0.1%,2019,k
7,Matt Prater (ARI),26,31,83.9,56,0,11,2,6,7,35,36,16,133.0,8.3,6.7%,2019,k
8,Dan Bailey (FA),27,29,93.1,50,0,10,9,5,3,40,44,16,132.0,8.3,0.0%,2019,k
9,Brandon McManus (JAC),29,34,85.3,53,0,6,8,11,4,25,26,16,131.0,8.2,14.1%,2019,k
10,Greg Zuerlein (NYJ),24,33,72.7,58,0,7,7,5,5,42,42,16,129.0,8.1,23.5%,2019,k
11,Chris Boswell (PIT),29,31,93.5,51,1,11,7,9,1,28,28,16,126.0,7.9,11.0%,2019,k
12,Joey Slye (WAS),25,32,78.1,55,0,3,5,6,8,31,35,16,119.0,7.4,0.7%,2019,k
13,Randy Bullock (FA),27,31,87.1,57,0,10,6,10,1,24,25,16,117.0,7.3,2.0%,2019,k
14,Jason Myers (SEA),23,28,82.1,54,0,6,11,4,2,40,44,16,117.0,7.3,75.0%,2019,k
15,Austin Seibert (FA),25,29,86.2,53,0,6,9,9,1,30,35,16,116.0,7.3,0.1%,2019,k
16,Robbie Gould (FA),23,31,74.2,47,0,9,8,6,0,41,42,13,116.0,8.9,9.8%,2019,k
17,Jason Sanders (MIA),23,30,76.7,54,0,7,8,5,3,29,30,16,115.1,7.2,17.8%,2019,k
18,Mason Crosby (FA),22,24,91.7,54,1,2,11,7,1,40,41,16,115.0,7.2,0.6%,2019,k
19,Ka'imi Fairbairn (HOU),20,25,80.0,54,0,5,8,4,3,40,45,16,110.0,6.9,0.8%,2019,k
20,Jake Elliott (PHI),22,26,84.6,53,0,7,8,5,2,35,37,16,109.0,6.8,33.7%,2019,k
21,Dustin Hopkins (LAC),25,30,83.3,53,0,7,8,8,2,21,22,16,108.0,6.8,1.6%,2019,k
22,Brett Maher (FA),20,30,66.7,63,0,9,6,1,4,36,36,13,105.0,8.1,20.4%,2019,k
23,Eddy Pineiro (CAR),23,28,82.1,53,1,8,9,3,2,27,29,16,103.0,6.4,39.6%,2019,k
24,Stephen Hauschka (FA),22,28,78.6,51,0,5,7,8,1,30,32,16,103.0,6.4,0.0%,2019,k
25,Daniel Carlson (LV),19,26,73.1,48,0,8,5,6,0,34,36,16,97.0,6.1,96.4%,2019,k
26,Younghoe Koo (ATL),23,26,88.5,50,0,6,9,7,1,15,16,8,93.0,11.6,80.6%,2019,k
27,Sam Ficken (FA),19,27,70.4,54,0,2,7,7,3,23,26,15,93.0,6.2,0.0%,2019,k
28,Chase McLaughlin (TB),18,23,78.3,50,1,5,4,5,3,26,26,11,91.0,8.3,1.7%,2019,k
29,Adam Vinatieri (FA),17,25,68.0,55,0,6,6,3,2,22,28,12,80.0,6.7,0.2%,2019,k
30,Aldrick Rosas (FA),12,17,70.6,45,0,6,5,1,0,35,39,16,72.0,4.5,0.0%,2019,k
31,Michael Badgley (DET),13,16,81.3,49,0,5,2,6,0,19,19,9,64.0,7.1,25.4%,2019,k
32,Nick Folk (NE),14,17,82.4,51,1,5,3,4,1,12,12,7,60.0,8.6,24.3%,2019,k
33,Kai Forbath (LAR),11,11,100.0,50,0,2,1,7,1,11,12,5,53.0,10.6,3.0%,2019,k
34,Matt Bryant (FA),9,14,64.3,52,0,1,3,3,2,14,15,8,48.0,6.0,1.1%,2019,k
35,Ty Long (FA),7,9,77.8,51,0,0,2,4,1,9,9,16,36.0,2.3,0.7%,2019,k
36,Mike Nugent (FA),5,8,62.5,37,0,3,2,0,0,15,16,5,30.0,6.0,1.0%,2019,k
37,Stephen Gostkowski (FA),7,8,87.5,41,0,2,3,1,0,11,15,4,30.0,7.5,0.1%,2019,k
38,Cairo Santos (CHI),4,9,44.4,53,0,0,1,2,1,12,12,5,28.0,5.6,13.2%,2019,k
39,Ryan Succop (FA),1,6,16.7,31,0,0,1,0,0,24,25,7,27.0,3.9,1.1%,2019,k
40,Cody Parkey (FA),3,3,100.0,51,0,0,0,2,1,5,6,4,18.0,4.5,0.0%,2019,k
41,Greg Joseph (MIN),0,0,0.0,0,0,0,0,0,0,9,9,3,9.0,3.0,7.4%,2019,k
42,Kaare Vedvik (FA),0,1,0.0,0,0,0,0,0,0,0,1,1,0.0,0.0,0.2%,2019,k
43,Ryan Santoso (FA),0,0,0.0,0,0,0,0,0,0,0,0,3,0.0,0.0,0.0%,2019,k
44,Matt McCrane (FA),0,0,0.0,0,0,0,0,0,0,0,0,1,0.0,0.0,0.0%,2019,k
45,Sebastian Janikowski (FA),0,0,0.0,0,0,0,0,0,0,0,0,1,0.0,0.0,20.0%,2019,k
46,Graham Gano (NYG),0,0,0.0,0,0,0,0,0,0,0,0,1,0.0,0.0,60.4%,2019,k
47,Michael Palardy (FA),0,0,0.0,0,0,0,0,0,0,0,0,16,0.0,0.0,33.3%,2019,k
48,Kasey Redfern (FA),0,0,0.0,0,0,0,0,0,0,0,0,3,0.0,0.0,0.0%,2019,k
49,Caleb Sturgis (FA),0,0,0.0,0,0,0,0,0,0,0,0,1,0.0,0.0,0.0%,2019,k
50,Giorgio Tavecchio (FA),0,0,0.0,0,0,0,0,0,0,0,0,1,0.0,0.0,1.0%,2019,k
1,Jason Sanders (MIA),36,39,92.3,56,1,8,7,12,8,36,36,16,172.0,10.8,17.8%,2020,k
2,Younghoe Koo (ATL),37,39,94.9,54,0,10,11,8,8,33,36,15,168.0,11.2,80.6%,2020,k
3,Tyler Bass (BUF),28,34,82.4,58,1,9,6,8,4,57,59,16,157.0,9.8,84.8%,2020,k
4,Daniel Carlson (LV),33,35,94.3,54,0,18,8,3,4,45,47,16,155.0,9.7,96.4%,2020,k
5,Greg Zuerlein (NYJ),34,41,82.9,59,1,5,13,12,3,33,36,16,153.0,9.6,23.5%,2020,k
6,Rodrigo Blankenship (TB),32,37,86.5,53,0,10,12,9,1,43,45,16,150.0,9.4,0.6%,2020,k
7,Justin Tucker (BAL),26,29,89.7,55,0,8,6,9,3,52,53,16,145.0,9.1,99.4%,2020,k
8,Ryan Succop (FA),28,31,90.3,50,1,10,9,7,1,52,57,16,145.0,9.1,1.1%,2020,k
9,Cairo Santos (CHI),30,32,93.8,55,0,9,10,9,2,36,37,16,139.0,8.7,13.2%,2020,k
10,Jason Myers (SEA),24,24,100.0,61,0,2,7,13,2,49,53,16,138.0,8.6,75.0%,2020,k
11,Brandon McManus (JAC),28,34,82.4,58,0,6,4,8,10,24,27,15,136.0,9.1,14.1%,2020,k
12,Wil Lutz (NO),23,28,82.1,53,0,5,10,7,1,57,58,16,135.0,8.4,2.6%,2020,k
13,Harrison Butker (KC),25,27,92.6,58,2,7,9,3,4,48,54,16,134.0,8.4,95.2%,2020,k
14,Graham Gano (NYG),31,32,96.9,55,0,4,13,9,5,21,23,16,133.0,8.3,60.4%,2020,k
15,Ka'imi Fairbairn (HOU),27,31,87.1,54,0,8,9,6,4,37,40,16,132.0,8.3,0.8%,2020,k
16,Joey Slye (WAS),29,36,80.6,56,0,11,10,7,1,33,36,16,129.0,8.1,0.7%,2020,k
17,Dustin Hopkins (LAC),27,34,79.4,51,0,5,7,13,2,30,32,16,128.0,8.0,1.6%,2020,k
18,Nick Folk (NE),26,28,92.9,51,0,6,7,11,2,30,33,16,123.0,7.7,24.3%,2020,k
19,Mason Crosby (FA),16,16,100.0,57,1,1,5,5,4,59,63,16,120.0,7.5,0.6%,2020,k
20,Michael Badgley (DET),24,33,72.7,53,0,8,6,8,2,36,39,16,120.0,7.5,25.4%,2020,k
21,Stephen Gostkowski (FA),18,26,69.2,55,0,2,4,5,7,46,48,15,119.0,7.9,0.1%,2020,k
22,Matt Prater (ARI),21,28,75.0,59,0,4,7,4,6,38,41,16,117.0,7.3,6.7%,2020,k
23,Cody Parkey (FA),19,22,86.4,46,0,5,4,10,0,43,47,15,110.0,7.3,0.0%,2020,k
24,Robbie Gould (FA),19,23,82.6,52,0,3,5,9,2,36,38,15,106.0,7.1,9.8%,2020,k
25,Chris Boswell (PIT),19,20,95.0,59,0,5,6,7,1,34,38,13,100.0,7.7,11.0%,2020,k
26,Randy Bullock (FA),21,26,80.8,55,0,3,8,7,3,24,25,12,100.0,8.3,2.0%,2020,k
27,Zane Gonzalez (SF),16,22,72.7,56,0,4,2,8,2,38,39,12,98.0,8.2,3.8%,2020,k
28,Dan Bailey (FA),15,22,68.2,53,0,6,3,4,2,37,43,16,90.0,5.6,0.0%,2020,k
29,Jake Elliott (PHI),14,19,73.7,54,0,1,6,5,2,24,26,16,75.0,4.7,33.7%,2020,k
30,Matt Gay (IND),14,16,87.5,51,0,2,5,6,1,16,16,7,66.0,9.4,28.8%,2020,k
31,Sam Sloman (FA),10,13,76.9,47,0,2,6,2,0,23,26,8,55.0,6.9,0.0%,2020,k
32,Sam Ficken (FA),13,15,86.7,54,0,5,6,1,1,12,15,9,54.0,6.0,0.0%,2020,k
33,Aldrick Rosas (FA),8,11,72.7,54,0,3,2,0,3,9,9,6,39.0,6.5,0.0%,2020,k
34,Sergio Castillo (NYJ),8,13,61.5,55,0,1,3,2,2,6,7,6,36.0,6.0,0.0%,2020,k
35,Mike Nugent (FA),7,8,87.5,43,0,1,4,2,0,7,7,4,30.0,7.5,1.0%,2020,k
36,Josh Lambo (FA),5,5,100.0,59,0,0,2,1,2,8,10,4,28.0,7.0,0.1%,2020,k
37,Austin Seibert (FA),6,9,66.7,48,0,0,5,1,0,8,9,5,27.0,5.4,0.1%,2020,k
38,Matthew Wright (FA),4,4,100.0,46,0,1,1,2,0,7,7,3,21.0,7.0,1.0%,2020,k
39,Chase McLaughlin (TB),4,5,80.0,52,0,1,1,1,1,5,6,4,20.0,5.0,1.7%,2020,k
40,Tristan Vizcaino (DAL),3,3,100.0,47,0,0,2,1,0,2,2,1,12.0,12.0,9.0%,2020,k
41,Kai Forbath (LAR),2,3,66.7,23,0,2,0,0,0,4,5,2,10.0,5.0,3.0%,2020,k
42,Jonathan Brown (FA),1,2,50.0,31,0,0,1,0,0,1,1,1,4.0,4.0,0.0%,2020,k
43,Elliott Fry (DEN),1,1,100.0,23,0,1,0,0,0,1,2,1,4.0,4.0,0.9%,2020,k
44,Stephen Hauschka (FA),0,2,0.0,0,0,0,0,0,0,2,2,1,2.0,2.0,0.0%,2020,k
45,Brandon Wright (FA),0,0,0.0,0,0,0,0,0,0,1,2,1,1.0,1.0,0.0%,2020,k
46,Taylor Russolino (FA),0,1,0.0,0,0,0,0,0,0,1,3,1,1.0,1.0,0.0%,2020,k
47,Ty Long (FA),0,0,0.0,0,0,0,0,0,0,0,0,16,-2.8,-0.2,0.7%,2020,k
1,Daniel Carlson (LV),40,43,93.0,56,0,10,12,12,6,30,33,17,174.0,10.2,96.4%,2021,k
2,Nick Folk (NE),36,39,92.3,53,0,9,11,11,5,42,47,17,171.0,10.1,24.3%,2021,k
3,Chris Boswell (PIT),36,40,90.0,56,0,9,8,11,8,27,29,17,162.0,9.5,11.0%,2021,k
4,Justin Tucker (BAL),35,37,94.6,66,0,7,9,13,6,32,32,17,162.0,9.5,99.4%,2021,k
5,Matt Gay (IND),32,34,94.1,55,0,6,15,7,4,48,49,17,159.0,9.4,28.8%,2021,k
6,Greg Joseph (MIN),33,38,86.8,55,0,8,11,7,7,36,40,17,156.0,9.2,7.4%,2021,k
7,Evan McPherson (CIN),28,33,84.8,58,0,5,8,6,9,46,48,16,154.0,9.6,94.1%,2021,k
8,Matt Prater (ARI),30,37,81.1,62,0,11,9,3,7,47,49,17,154.0,9.1,6.7%,2021,k
9,Jake Elliott (PHI),30,33,90.9,58,0,7,10,10,3,44,44,17,150.0,8.8,33.7%,2021,k
10,Dustin Hopkins (LAC),30,34,88.2,50,1,8,6,13,2,40,44,17,147.0,8.6,1.6%,2021,k
11,Tyler Bass (BUF),28,32,87.5,57,0,15,7,4,2,51,51,17,143.0,8.4,84.8%,2021,k
12,Greg Zuerlein (NYJ),29,35,82.9,56,0,5,15,7,2,42,48,16,140.0,8.8,23.5%,2021,k
13,Harrison Butker (KC),25,28,89.3,56,0,3,11,4,7,47,49,16,140.0,8.8,95.2%,2021,k
14,Ryan Succop (FA),25,30,83.3,48,0,11,7,7,0,56,59,17,138.0,8.1,1.1%,2021,k
15,Mason Crosby (FA),25,34,73.5,54,0,9,9,4,3,49,51,17,134.0,7.9,0.6%,2021,k
16,Randy Bullock (FA),26,31,83.9,51,0,5,12,8,1,42,45,16,130.0,8.1,2.0%,2021,k
17,Brandon McManus (JAC),26,31,83.9,61,0,7,6,8,5,33,34,17,129.0,7.6,14.1%,2021,k
18,Younghoe Koo (ATL),27,29,93.1,54,0,8,9,6,4,30,30,17,125.0,7.4,80.6%,2021,k
19,Graham Gano (NYG),29,33,87.9,55,0,5,12,5,7,17,17,17,123.0,7.2,60.4%,2021,k
20,Cairo Santos (CHI),26,30,86.7,47,0,10,5,11,0,27,28,17,116.0,6.8,13.2%,2021,k
21,Jason Sanders (MIA),23,31,74.2,51,0,6,7,8,2,34,35,17,115.0,6.8,17.8%,2021,k
22,Robbie Gould (FA),20,23,87.0,52,0,6,4,7,3,39,40,13,112.0,8.6,9.8%,2021,k
23,Jason Myers (SEA),17,23,73.9,53,0,2,9,3,3,44,47,17,104.0,6.1,75.0%,2021,k
24,Michael Badgley (DET),18,22,81.8,46,0,4,6,8,0,40,41,13,102.0,7.8,25.4%,2021,k
25,Joey Slye (WAS),23,25,92.0,56,0,9,5,5,4,18,22,12,100.0,8.3,0.7%,2021,k
26,Zane Gonzalez (SF),20,22,90.9,57,0,6,1,10,3,22,23,12,98.0,8.2,3.8%,2021,k
27,Chase McLaughlin (TB),15,21,71.4,57,0,3,4,4,4,36,37,16,93.0,5.8,1.7%,2021,k
28,Matthew Wright (FA),21,24,87.5,56,0,7,7,3,4,13,15,14,87.0,6.2,1.0%,2021,k
29,Ka'imi Fairbairn (HOU),15,19,78.9,61,0,4,5,2,4,13,16,13,68.0,5.2,0.8%,2021,k
30,Brett Maher (FA),16,18,88.9,42,0,4,8,4,0,10,12,8,62.0,7.8,20.4%,2021,k
31,Riley Patterson (DET),13,14,92.9,49,0,3,6,4,0,16,16,7,59.0,8.4,27.4%,2021,k
32,Matt Ammendola (FA),13,19,68.4,49,0,5,6,2,0,14,15,11,55.0,5.0,0.0%,2021,k
33,Rodrigo Blankenship (TB),11,14,78.6,48,0,3,3,5,0,7,8,5,45.0,9.0,0.6%,2021,k
34,Brian Johnson (FA),10,10,100.0,52,0,5,3,1,1,9,13,8,42.0,5.3,0.0%,2021,k
35,Austin Seibert (FA),10,12,83.3,52,0,0,4,5,1,5,5,6,42.0,7.0,0.1%,2021,k
36,Eddy Pineiro (CAR),8,8,100.0,51,0,2,2,3,1,9,10,5,38.0,7.6,39.6%,2021,k
37,Tristan Vizcaino (DAL),6,7,85.7,46,0,3,2,1,0,10,15,6,29.0,4.8,9.0%,2021,k
38,Aldrick Rosas (FA),2,5,40.0,44,0,0,0,2,0,14,14,5,22.0,4.4,0.0%,2021,k
39,Lirim Hajrullahu (FA),4,5,80.0,35,0,2,2,0,0,8,8,4,20.0,5.0,0.1%,2021,k
40,Ryan Santoso (FA),4,5,80.0,35,0,3,1,0,0,6,8,4,18.0,4.5,0.0%,2021,k
41,Elliott Fry (DEN),4,5,80.0,44,0,0,3,1,0,4,5,3,17.0,5.7,0.9%,2021,k
42,Dominik Eberle (FA),2,3,66.7,51,0,1,0,0,1,5,5,1,13.0,13.0,0.0%,2021,k
43,Chris Blewitt (FA),2,5,40.0,52,0,0,0,1,1,2,2,2,11.0,5.5,0.0%,2021,k
44,Josh Lambo (FA),0,3,0.0,0,0,0,0,0,0,5,7,3,5.0,1.7,0.1%,2021,k
45,Chris Naggar (FA),1,1,100.0,37,0,0,1,0,0,1,2,1,4.0,4.0,0.1%,2021,k
46,Cody Parkey (FA),0,0,0.0,0,0,0,0,0,0,3,5,1,3.0,3.0,0.0%,2021,k
47,JJ Molson (FA),0,0,0.0,0,0,0,0,0,0,0,0,1,0.0,0.0,0.0%,2021,k
48,Cameron Nizialek (FA),0,0,0.0,0,0,0,0,0,0,0,0,4,0.0,0.0,0.0%,2021,k
49,Alex Kessman (FA),0,0,0.0,0,0,0,0,0,0,0,2,1,0.0,0.0,0.0%,2021,k
50,Ty Long (FA),0,0,0.0,0,0,0,0,0,0,0,0,15,0.0,0.0,0.7%,2021,k
51,Michael Palardy (FA),0,0,0.0,0,0,0,0,0,0,0,0,17,0.0,0.0,33.3%,2021,k
1,Justin Tucker (BAL),37,43,86.0,58,0,13,11,4,9,31,32,17,164.0,9.6,99.4%,2022,k
2,Daniel Carlson (LV),34,37,91.9,57,0,9,11,3,11,35,36,17,162.0,9.5,96.4%,2022,k
3,Brett Maher (FA),29,32,90.6,60,0,9,5,6,9,50,53,17,161.0,9.5,20.4%,2022,k
4,Jason Myers (SEA),34,37,91.9,56,0,9,15,4,6,41,42,17,159.0,9.4,75.0%,2022,k
5,Younghoe Koo (ATL),32,37,86.5,54,0,9,7,9,7,33,35,17,152.0,8.9,80.6%,2022,k
6,Tyler Bass (BUF),28,32,87.5,56,0,5,11,10,2,48,50,17,146.0,8.6,84.8%,2022,k
7,Eddy Pineiro (CAR),33,35,94.3,54,0,2,16,13,2,30,32,17,146.0,8.6,39.6%,2022,k
8,Nick Folk (NE),32,37,86.5,54,1,9,8,10,4,32,35,17,146.0,8.6,24.3%,2022,k
9,Graham Gano (NYG),29,32,90.6,57,0,2,9,10,8,32,34,17,145.0,8.5,60.4%,2022,k
10,Robbie Gould (FA),27,32,84.4,51,0,13,5,7,2,50,51,17,142.0,8.4,9.8%,2022,k
11,Riley Patterson (DET),30,35,85.7,53,0,8,10,10,2,36,37,17,140.0,8.2,27.4%,2022,k
12,Greg Zuerlein (NYJ),30,37,81.1,60,0,5,10,9,6,28,29,17,139.0,8.2,23.5%,2022,k
13,Chase McLaughlin (TB),30,36,83.3,54,0,7,5,9,9,21,21,16,138.0,8.6,1.7%,2022,k
14,Jason Sanders (MIA),26,32,81.3,55,0,5,7,12,2,41,44,17,135.0,7.9,17.8%,2022,k
15,Brandon McManus (JAC),28,36,77.8,55,0,6,4,10,8,25,27,17,135.0,7.9,14.1%,2022,k
16,Matt Gay (IND),28,30,93.3,58,0,9,8,4,7,31,32,17,133.0,7.8,28.8%,2022,k
17,Ryan Succop (FA),31,38,81.6,54,0,10,7,12,2,24,25,17,133.0,7.8,1.1%,2022,k
18,Greg Joseph (MIN),26,33,78.8,61,0,10,5,7,4,40,46,17,133.0,7.8,7.4%,2022,k
19,Ka'imi Fairbairn (HOU),29,31,93.5,56,0,7,7,9,6,24,24,17,132.0,7.8,0.8%,2022,k
20,Evan McPherson (CIN),24,29,82.8,59,1,5,4,9,5,41,45,17,132.0,7.8,94.1%,2022,k
21,Jake Elliott (PHI),20,23,87.0,56,0,6,8,1,5,51,53,16,122.0,7.6,33.7%,2022,k
22,Cade York (CLE),24,32,75.0,58,0,5,9,6,4,35,37,17,121.0,7.1,2.3%,2022,k
23,Mason Crosby (FA),25,29,86.2,56,0,10,8,6,1,37,39,17,120.0,7.1,0.6%,2022,k
24,Michael Badgley (DET),24,28,85.7,53,0,6,7,9,2,33,33,13,118.0,9.1,25.4%,2022,k
25,Joey Slye (WAS),25,30,83.3,58,1,8,4,8,4,24,28,17,115.0,6.8,0.7%,2022,k
26,Wil Lutz (NO),23,31,74.2,60,0,6,9,4,4,33,33,17,114.0,6.7,2.6%,2022,k
27,Cairo Santos (CHI),21,23,91.3,51,0,4,7,6,4,27,32,16,104.0,6.5,13.2%,2022,k
28,Harrison Butker (KC),18,24,75.0,62,0,7,4,4,3,38,41,13,102.0,7.8,95.2%,2022,k
29,Matt Prater (ARI),22,25,88.0,57,0,1,10,6,5,17,18,13,99.0,7.6,6.7%,2022,k
30,Chris Boswell (PIT),20,28,71.4,59,0,4,4,5,7,18,18,12,97.0,8.1,11.0%,2022,k
31,Cameron Dicker (LAC),21,22,95.5,48,0,7,7,7,0,24,24,11,94.0,8.5,17.2%,2022,k
32,Randy Bullock (FA),17,20,85.0,51,0,5,5,6,1,28,28,16,87.0,5.4,2.0%,2022,k
33,Matthew Wright (FA),15,18,83.3,59,0,1,6,6,2,15,15,6,70.0,11.7,1.0%,2022,k
34,Dustin Hopkins (LAC),9,10,90.0,43,0,2,6,1,0,12,12,5,40.0,8.0,1.6%,2022,k
35,Austin Seibert (FA),3,5,60.0,48,0,0,1,2,0,12,12,3,23.0,7.7,0.1%,2022,k
36,Matt Ammendola (FA),5,7,71.4,31,1,3,1,0,0,5,7,4,20.0,5.0,0.0%,2022,k
37,Rodrigo Blankenship (TB),4,5,80.0,50,0,2,0,1,1,4,5,3,19.0,6.3,0.6%,2022,k
38,Taylor Bertolet (FA),3,3,100.0,28,0,3,0,0,0,6,6,3,15.0,5.0,0.0%,2022,k
39,Caleb Shudak (TEN),3,4,75.0,38,0,1,2,0,0,1,1,1,10.0,10.0,0.2%,2022,k
40,Tristan Vizcaino (DAL),2,2,100.0,46,0,0,1,1,0,3,3,3,10.0,3.3,9.0%,2022,k
41,Nick Sciba (FA),2,2,100.0,38,0,1,1,0,0,1,1,1,7.0,7.0,0.1%,2022,k
42,Dominik Eberle (FA),1,1,100.0,49,0,0,0,1,0,2,4,1,6.0,6.0,0.0%,2022,k
43,Josh Lambo (FA),0,0,0.0,0,0,0,0,0,0,3,4,1,3.0,3.0,0.1%,2022,k
44,Ramiz Ahmed (FA),0,0,0.0,0,0,0,0,0,0,0,0,1,0.0,0.0,0.0%,2022,k
45,Elliott Fry (DEN),0,0,0.0,0,0,0,0,0,0,0,0,0,0.0,0.0,0.9%,2022,k
46,Zane Gonzalez (SF),0,0,0.0,0,0,0,0,0,0,0,0,0,0.0,0.0,3.8%,2022,k
47,John Parker Romo (DET),0,0,0.0,0,0,0,0,0,0,0,0,0,0.0,0.0,0.0%,2022,k
48,James McCourt (JAC),0,0,0.0,0,0,0,0,0,0,0,0,0,0.0,0.0,0.1%,2022,k
49,Jake Moody (SF),0,0,0.0,0,0,0,0,0,0,0,0,0,0.0,0.0,9.6%,2022,k
50,Blake Grupe (NO),0,0,0.0,0,0,0,0,0,0,0,0,0,0.0,0.0,0.0%,2022,k
51,Trey Wolff (TEN),0,0,0.0,0,0,0,0,0,0,0,0,0,0.0,0.0,0.0%,2022,k
52,Andre Szmyt (CHI),0,0,0.0,0,0,0,0,0,0,0,0,0,0.0,0.0,0.0%,2022,k
53,Tanner Brown (LAR),0,0,0.0,0,0,0,0,0,0,0,0,0,0.0,0.0,0.0%,2022,k
54,B.T. Potter (PIT),0,0,0.0,0,0,0,0,0,0,0,0,0,0.0,0.0,0.0%,2022,k
55,Anders Carlson (GB),0,0,0.0,0,0,0,0,0,0,0,0,0,0.0,0.0,0.6%,2022,k
56,Chad Ryland (NE),0,0,0.0,0,0,0,0,0,0,0,0,0,0.0,0.0,1.0%,2022,k
57,Jack Podlesny (MIN),0,0,0.0,0,0,0,0,0,0,0,0,0,0.0,0.0,0.0%,2022,k
58,Lucas Havrisik (IND),0,0,0.0,0,0,0,0,0,0,0,0,0,0.0,0.0,0.0%,2022,k
59,Quinn Nordin (FA),0,0,0.0,0,0,0,0,0,0,0,0,3,0.0,0.0,0.0%,2022,k
60,Steven Weatherford (NYJ),0,0,0.0,0,0,0,0,0,0,0,0,0,0.0,0.0,0.0%,2022,k
61,Piotr Czech (PIT),0,0,0.0,0,0,0,0,0,0,0,0,0,0.0,0.0,0.0%,2022,k
62,Zac Derr (ATL),0,0,0.0,0,0,0,0,0,0,0,0,0,0.0,0.0,0.0%,2022,k
63,Ricky Schmit (SF),0,0,0.0,0,0,0,0,0,0,0,0,0,0.0,0.0,0.0%,2022,k
64,Parker Douglass (NYJ),0,0,0.0,0,0,0,0,0,0,0,0,0,0.0,0.0,0.0%,2022,k
65,Jason Reda (CLE),0,0,0.0,0,0,0,0,0,0,0,0,0,0.0,0.0,0.0%,2022,k
66,Garrett Rivas (TB),0,0,0.0,0,0,0,0,0,0,0,0,0,0.0,0.0,0.0%,2022,k
67,Carlos Martinez (DAL),0,0,0.0,0,0,0,0,0,0,0,0,0,0.0,0.0,0.0%,2022,k
68,Andrew Wellock (CAR),0,0,0.0,0,0,0,0,0,0,0,0,0,0.0,0.0,0.0%,2022,k
69,Mark Hickok (NYG),0,0,0.0,0,0,0,0,0,0,0,0,0,0.0,0.0,0.0%,2022,k
70,MacKenzie Hoambrecker (SF),0,0,0.0,0,0,0,0,0,0,0,0,0,0.0,0.0,0.0%,2022,k
71,Sergio Castillo (NYJ),0,0,0.0,0,0,0,0,0,0,0,0,0,0.0,0.0,0.0%,2022,k
72,Andrew Jacas (SF),0,0,0.0,0,0,0,0,0,0,0,0,0,0.0,0.0,0.0%,2022,k
73,Michael Palardy (FA),0,0,0.0,0,0,0,0,0,0,0,0,8,0.0,0.0,33.3%,2022,k
74,Garrett Lindholm (ATL),0,0,0.0,0,0,0,0,0,0,0,0,0,0.0,0.0,0.0%,2022,k
75,Connor Hughes (DAL),0,0,0.0,0,0,0,0,0,0,0,0,0,0.0,0.0,0.0%,2022,k
76,Saverio Rocca (WAS),0,0,0.0,0,0,0,0,0,0,0,0,0,0.0,0.0,0.0%,2022,k
77,Kai Forbath (LAR),0,0,0.0,0,0,0,0,0,0,0,0,0,0.0,0.0,3.0%,2022,k
78,Clint Stitser (WAS),0,0,0.0,0,0,0,0,0,0,0,0,0,0.0,0.0,0.0%,2022,k
79,Matthew Trickett (ATL),0,0,0.0,0,0,0,0,0,0,0,0,0,0.0,0.0,0.0%,2022,k
